INSERT INTO USERS
(user_id, addr, role, nick_name, password, name, phone, entry_reg_date, camp_name, camp_call, having_point, salt, auction_grade)
values
('gamsungsite@gmail.com', '서울 강남구', 'ADMIN', '감성캠핑', '9c2d11fbca3ffb5f0746fa84b24e0feaca2113450720e271edfabf9a3a6f8881', '감성캠핑', '01012345678', SYSDATE(), null, null, 1000000, '9fb488826f89350c', 100),
('user1@gamsung.com', '서울 강남구', 'GENERAL', '니코', '1111', '김관우', '01022223333', '2022-01-11', null, null, 1000000, '34dc9485b9932277', null),
('user2@gamsung.com', '서울 강남구', 'GENERAL', '헤이즐', '2222', '이소희', '01012345679', '2021-03-25', null, null, 100000, '9ade788942c0c90a', null),
('user3@gamsung.com', '서울 강남구', 'GENERAL', '제나바', '3333', '유희주', '01012345680', '2022-01-01', null, null, 100000, 'a409acee4b29472a', null),
('user4@gamsung.com', '서울 강남구', 'GENERAL', '키아라', '4444', '조영주', '01017745681', '2021-12-11', null, null, 100000, null, null),
('user5@gamsung.com', '서울 강남구', 'GENERAL', '이젤라', '5555', '권도윤', '01012399982', '2021-03-24', null, null, 100000, null, null),
('user6@gamsung.com', '서울 종로구', 'GENERAL', '니코', '1111', '이로희', '0101123999', '2021-05-25', null, null, 1000000, null, null),
('user7@gamsung.com', '서울 서대문구', 'GENERAL', '슈아로', '2222', '김나은', '01019911679', SYSDATE(), null, null, 100000, '662be404122fd290', null),
('user8@gamsung.com', '서울 강남구', 'GENERAL', '뉴엘', '3333', '최모아', '01012333480', '2021-06-22', null, null, 100000, null, null),
('user9@gamsung.com', '서울 강남구', 'GENERAL', '미르시', '4444', '임하루', '01014442281', SYSDATE(), null, null, 100000, '662be404122fd290', null),
('user10@gamsung.com', '서울 강남구', 'GENERAL', '문슬', '5555', '황소호', '01012434682', SYSDATE(), null, null, 100000, 'f33a5230116403c3', null),
('user11@gamsung.com', '서울 강남구', 'GENERAL', '아르테미스', '1111', '오하랑', '01022333663', SYSDATE(), null, null, 1000000, 'a90bdf6d8618f7c8', null),
('user12@gamsung.com', '서울 강남구', 'GENERAL', '새벽', '2222', '유슬희', '01014444479', SYSDATE(), null, null, 100000, 'ae79cbca249aaba9', null),
('user13@gamsung.com', '서울 강남구', 'GENERAL', '혜성', '3333', '이루아리', '01012335580', '2021-07-07', null, null, 100000, null, null),
('user14@gamsung.com', '서울 강남구', 'GENERAL', '우주', '4444', '조도준', '01012556681', SYSDATE(), null, null, 100000, null, null),
('user15@gamsung.com', '서울 강남구', 'GENERAL', '아벨', '5555', '이가람', '01012556682', '2021-08-02', null, null, 100000, null, null),
('user16@gamsung.com', '서울 강남구', 'GENERAL', '아델', '1111', '김재완', '01027727773', SYSDATE(), null, null, 1000000, null, null),
('user17@gamsung.com', '서울 강남구', 'GENERAL', '앨리쉬', '2222', '윤찬', '01012577679', '2021-09-09', null, null, 100000, null, null),
('user18@gamsung.com', '서울 강남구', 'GENERAL', '앨빈', '3333', '김승헌', '01012388780', SYSDATE(), null, null, 100000, null, null),
('user19@gamsung.com', '서울 강남구', 'GENERAL', '베키', '4444', '이휘', '01012777881', SYSDATE(), null, null, 100000, null, null),
('user20@gamsung.com', '서울 강남구', 'GENERAL', '바론', '5555', '박혜니', '01012000882', SYSDATE(), null, null, 100000, null, null),
('user21@gamsung.com', '서울 강남구', 'GENERAL', '비앙카', '1111', '이휘민', '01022200063', '2022-01-02', null, null, 1000000, null, null),
('user22@gamsung.com', '서울 강남구', 'GENERAL', '비숍', '2222', '김해웅', '01014444009', SYSDATE(), null, null, 100000, null, null),
('user23@gamsung.com', '서울 강남구', 'GENERAL', '블리스', '3333', '박동화', '01012555580', SYSDATE(), null, null, 100000, null, null),
('user24@gamsung.com', '서울 강남구', 'GENERAL', '보니타', '4444', '김환비', '01013336681', SYSDATE(), null, null, 100000, null, null),
('user25@gamsung.com', '서울 강남구', 'GENERAL', '쉐리', '5555', '김서아', '01022666682', SYSDATE(), null, null, 100000, null, null),
('user26@gamsung.com', '서울 강남구', 'GENERAL', '첼시', '1111', '서설우', '01022444773', '2021-10-24', null, null, 1000000, null, null),
('user27@gamsung.com', '서울 강남구', 'GENERAL', '코코', '2222', '신지유', '01033355679', '2021-03-27', null, null, 100000, null, null),
('user28@gamsung.com', '서울 강남구', 'GENERAL', '샤비', '3333', '이윤도', '01012447780', '2021-02-13', null, null, 100000, null, null),
('user29@gamsung.com', '서울 강남구', 'GENERAL', '클레오', '4444', '이효완', '01012322881', '2021-10-11', null, null, 100000, null, null),
('user30@gamsung.com', '서울 강남구', 'GENERAL', '데이지', '5555', '민유환', '01012366682', '2021-01-02', null, null, 100000, null, null);

INSERT INTO GAMSUNG.USERS
(user_id, `role`, nick_name, password, salt, name, phone, addr, entry_reg_date, bank, account_holder, account_num, having_point, camp_name, camp_call, entry_approval_flag, receive_cancel_total_count, receive_ban_end_date, dormant_reg_date, secession_reg_date, suspension_reg_date, camp_business_num, suspension_content, auction_grade, auction_suspension_reg_date, sns_id, camp_business_img)
VALUES
('camp01@gamsung.site', 'BUSINESS', NULL, 'a4cff0b527ef482aa119e40468f63b4a906aa39213b571d52a46f40cad790f7a', 'c0d7cf757cac3191', '초안산캠핑장', '0222896865', '서울시 노원구 월계동 750번지', '2022-01-21', NULL, NULL, NULL, 0, '초안산캠핑장', '0222896865', 'Y', 0, NULL, NULL, NULL, NULL, '2178204823', NULL, 1, NULL, NULL, NULL),
('camp02@gamsung.site', 'BUSINESS', NULL, '0ca632d258686c3bb774f06f5e613e55be755e2590cb2e01cac2813898e977e8', '8b4f6a744d6b0a9e', '무수아취', '029540249', '서울 도봉구 도봉로169길 249 (도봉동)', '2022-01-21', NULL, NULL, NULL, 0, '무수아취', '029540249', 'Y', 0, NULL, NULL, NULL, NULL, '8364000778', NULL, 1, NULL, NULL, NULL),
('camp03@gamsung.site', 'BUSINESS', NULL, '1111', NULL, '우이동 가족캠핑장', '0212345678', '서울 강북구 삼양로181길 28 (우이동)', '2022-01-21', NULL, NULL, NULL, 0, '우이동 가족캠핑장', '0212345678', 'Y', 0, NULL, NULL, '2021-01-14', NULL, '1234567890', NULL, 1, NULL, NULL, NULL),
('camp04@gamsung.site', 'BUSINESS', NULL, '1111', NULL, '달콤한 캠핑장 ', '0212345678', '강원도 홍천군 내촌면 와야리 807-2 ', '2022-01-21', NULL, NULL, NULL, 0, '달콤한 캠핑장 ', '0212345678', 'Y', 0, NULL, NULL, '2021-10-18', NULL, '2210932058', NULL, 1, NULL, NULL, NULL),
('camp05@gamsung.site', 'BUSINESS', NULL, '1111', NULL, '미산분교 캠핑장 ', '01020136096', '강원도 인제군 상남면 미산리 376-6 미산분교 캠핑장 ', '2022-01-21', NULL, NULL, NULL, 0, '미산분교 캠핑장 ', '01020136096', 'Y', 0, NULL, '2022-01-15', NULL, NULL, '6943500597', NULL, 1, NULL, NULL, NULL),
('camp06@gamsung.site', 'BUSINESS', NULL, '1111', NULL, '러빙네이쳐', '0212345678', '강원 인제군 남면 설악로 1129', '2022-01-21', NULL, NULL, NULL, 0, '러빙네이쳐', '0212345678', 'Y', 0, NULL, '2022-01-15', NULL, NULL, '1234567890', NULL, 1, NULL, NULL, NULL),
('camp07@gamsung.site', 'BUSINESS', NULL, '1111', NULL, '청도글램핑 ', '01041685900', '경북 청도군 각북면 금천리 427-2 ', '2022-01-21', NULL, NULL, NULL, 0, '청도글램핑 ', '01041685900', 'Y', 0, NULL, '2022-01-15', NULL, NULL, '3714400115', NULL, 1, NULL, NULL, NULL),
('camp08@gamsung.site', 'BUSINESS', NULL, '1111', NULL, '청도프로방스 카라반캠핑카펜션', '0212345678', '경북 청도군 화양읍 이슬미로 297-41청도프로방스 카라반캠핑카펜션', '2022-01-21', NULL, NULL, NULL, 0, '청도프로방스 카라반캠핑카펜션', '0212345678', 'Y', 0, NULL, NULL, NULL, NULL, '1234567890', NULL, 1, NULL, NULL, NULL),
('camp09@gamsung.site', 'BUSINESS', NULL, '1111', NULL, '바람숲야영장', '0212345678', '대구 동구 팔공로230길 103 (진인동)', '2022-01-21', NULL, NULL, NULL, 0, '바람숲야영장', '0212345678', 'Y', 0, NULL, NULL, NULL, NULL, '1234567890', NULL, 1, NULL, NULL, NULL),
('camp10@gamsung.site', 'BUSINESS', NULL, '1111', NULL, '대기농촌체험휴양마을 ', '0559311313', '경남 합천군 가회면 중촌리 420-5 ', '2022-01-21', NULL, NULL, NULL, 0, '대기농촌체험휴양마을 ', '0559311313', 'Y', 0, NULL, NULL, NULL, NULL, '1234567890', NULL, 1, NULL, NULL, NULL),
('camp11@gamsung.site', 'BUSINESS', NULL, '1111', NULL, '천하장사골야영장 ', '0555741109', '경남 의령군 대의면 신전리 276,277 천하장사골야영장 ', '2022-01-21', NULL, NULL, NULL, 0, '천하장사골야영장 ', '0555741109', 'Y', 0, NULL, NULL, NULL, NULL, '1234567890', NULL, 1, NULL, NULL, NULL),
('camp12@gamsung.site', 'BUSINESS', NULL, '1111', NULL, '한별 도그파크', '0212345678', '경남 함안군 법수면 이묵골로 135', '2022-01-21', NULL, NULL, NULL, 0, '한별 도그파크', '0212345678', 'Y', 0, NULL, NULL, NULL, NULL, '1234567890', NULL, 1, NULL, NULL, NULL),
('camp13@gamsung.site', 'BUSINESS', NULL, '1111', NULL, '숲내음카라반캠핑장', '0212345678', '전북 완주군 상관면 죽림편백길 143-5', '2022-01-21', NULL, NULL, NULL, 0, '숲내음카라반캠핑장', '0212345678', 'Y', 0, NULL, NULL, NULL, NULL, '8468601544', NULL, 1, NULL, NULL, NULL),
('camp14@gamsung.site', 'BUSINESS', NULL, '1111', NULL, '완주소양캠핑장 ', '0632416155', '전북 완주군 소양면 해월리 898 ', '2022-01-21', NULL, NULL, NULL, 0, '완주소양캠핑장 ', '0632416155', 'Y', 0, NULL, NULL, NULL, NULL, '2228118375', NULL, 1, NULL, NULL, NULL),
('camp15@gamsung.site', 'BUSINESS', NULL, '1111', NULL, '방길낚시캠핑장', '0636449888', '전북 임실군 신덕면 삼길1길 155-77', '2022-01-21', NULL, NULL, NULL, 0, '방길낚시캠핑장', '0636449888', 'Y', 0, NULL, NULL, NULL, NULL, '4078130169', NULL, 1, NULL, NULL, NULL),
('camp16@gamsung.site', 'BUSINESS', NULL, '1111', NULL, '라온 글램핑 ', '07042734002', '전남 장성군 북하면 월성리 811-2 ', '2022-01-21', NULL, NULL, NULL, 0, '라온 글램핑 ', '07042734002', 'Y', 0, NULL, NULL, NULL, NULL, '163 300225', NULL, 1, NULL, NULL, NULL),
('camp17@gamsung.site', 'BUSINESS', NULL, '1111', NULL, '광산구 국민여가 친환경 오토캠핑장', '0212345678', '광주 광산구 탑동길 345 (지산동)', '2022-01-21', NULL, NULL, NULL, 0, '광산구 국민여가 친환경 오토캠핑장', '0212345678', 'Y', 0, NULL, NULL, NULL, NULL, '1234567890', NULL, 1, NULL, NULL, NULL),
('camp18@gamsung.site', 'BUSINESS', NULL, '1111', NULL, '슬로우위켄드', '0212345678', '전남 장성군 황룡면 구대해길 3-12', '2022-01-21', NULL, NULL, NULL, 0, '슬로우위켄드', '0212345678', 'Y', 0, NULL, NULL, NULL, NULL, '1111651756', NULL, 1, NULL, NULL, NULL),
('camp19@gamsung.site', 'BUSINESS', NULL, '1111', NULL, '도레미 캠핑장 ', '0438340009', '충북 괴산군 불정면 관동로세평4길 24 도레미캠핑장', '2022-01-21', NULL, NULL, NULL, 0, '도레미 캠핑장 ', '0438340009', 'Y', 0, NULL, NULL, NULL, NULL, '3031279597', NULL, 1, NULL, NULL, NULL),
('camp20@gamsung.site', 'BUSINESS', NULL, '1111', NULL, '파이브스톤즈가든', '01079209443', '충북 충주시 중앙탑면 감노로 2003', '2022-01-21', NULL, NULL, NULL, 0, '파이브스톤즈가든', '01079209443', 'Y', 0, NULL, NULL, NULL, NULL, '3031330062', NULL, 1, NULL, NULL, NULL),
('camp21@gamsung.site', 'BUSINESS', NULL, '1111', NULL, '네이스트 프라이빗 음성', '0212345678', '충북 음성군 원남면 덕생로 167-15', '2022-01-21', NULL, NULL, NULL, 0, '네이스트 프라이빗 음성', '0212345678', 'Y', 0, NULL, NULL, NULL, NULL, '1234567890', NULL, 1, NULL, NULL, NULL),
('camp22@gamsung.site', 'BUSINESS', NULL, '1111', NULL, '별바라기 캠핑 펜션', '0414357012', '충남 논산시 벌곡면 수락로 669-54', '2021-10-11', NULL, NULL, NULL, 0, '별바라기 캠핑 펜션', '0414357012', 'Y', 0, NULL, NULL, NULL, '2021-11-12', '1234567890', NULL, 1, NULL, NULL, NULL),
('camp23@gamsung.site', 'BUSINESS', NULL, '1111', NULL, '하기숲 가족캠핑장', '07077275500', '대전광역시 유성구 하기동 259 ', '2022-01-21', NULL, NULL, NULL, 0, '하기숲 가족캠핑장', '07077275500', 'Y', 0, NULL, NULL, NULL, NULL, '3148300386', NULL, 1, NULL, NULL, NULL),
('camp24@gamsung.site', 'BUSINESS', NULL, '1111', NULL, '하늘물빛정원 글램핑', '0417517711', '충남 금산군 추부면 검한1길 156 하늘물빛정원 ', '2022-01-21', NULL, NULL, NULL, 0, '하늘물빛정원 글램핑', '0417517711', 'Y', 0, NULL, NULL, NULL, NULL, '1234567890', NULL, 1, NULL, NULL, NULL),
('camp25@gamsung.site', 'BUSINESS', NULL, '1111', NULL, '돌고래 하우스 카라반', '0647397704', '제주특별자치도 서귀포시 강정동 이어도로 826-58 돌고래하우스 ', '2022-01-21', NULL, NULL, NULL, 0, '돌고래 하우스 카라반', '0647397704', 'Y', 0, NULL, NULL, NULL, NULL, '1234567890', NULL, 1, NULL, NULL, NULL),
('camp26@gamsung.site', 'BUSINESS', NULL, '1111', NULL, '하얀보트', '0212345678', '제주특별자치도 서귀포시 막숙포로 66-1 (법환동)', '2021-01-06', NULL, NULL, NULL, 0, '하얀보트', '0212345678', 'N', 0, NULL, NULL, NULL, '2021-04-04', '1234567890', NULL, 1, NULL, NULL, NULL),
('camp27@gamsung.site', 'BUSINESS', NULL, '1111', NULL, '제주 산내들 여행사', '0212345678', '제주특별자치도 서귀포시 남원읍 남조로 861-83', '2022-01-21', NULL, NULL, NULL, 0, '제주 산내들 여행사', '0212345678', 'N', 0, NULL, NULL, NULL, NULL, '1234567890', NULL, 1, NULL, NULL, NULL);


INSERT INTO GAMSUNG.LOGIN_HISTORY
(login_history_no, user_id, login_reg_date)
VALUES
(1, 'camp01@gamsung.site', '2021-01-14'),
(2, 'camp02@gamsung.site', '2021-01-14'),
(3, 'camp03@gamsung.site', '2021-01-14'),
(4, 'camp05@gamsung.site', '2021-01-14'),
(5, 'camp06@gamsung.site', '2021-01-14'),
(6, 'camp07@gamsung.site', '2021-01-14'),
(7, 'camp05@gamsung.site', '2022-01-15'),
(8, 'camp04@gamsung.site', '2021-10-18'),
(9, 'camp01@gamsung.site', '2022-01-21'),
(10, 'camp02@gamsung.site', '2022-01-21');


INSERT INTO CAMP
(user_id, tempsave_flag, delete_flag, camp_summery, camp_detail, camp_map_img, camp_img1, camp_img2, camp_img3, camp_img4, camp_img5, camp_reg_date, camp_theme1, camp_theme2, camp_nature1, camp_nature2, camp_operation1, camp_operation2, camp_view_count_current_month, camp_reservation_count, camp_rating)
values
('camp01@gamsung.site', 3, 'N', '안녕하세요', '약 1500평의 녋은 천연잔디 운동장임 단순히 캠핑을 즐기기도 하지만 아이들 체험학습으로 국내 유일의 독도사진전시관으로 독도모형도관람, 설명, 독도사진관람, 도자기 핸드페인팅, 농촌 체험(농산물 수확, 심기) 등 다양한 체험활동을 할 수 있다.', 'map1.jpg', 'img1.jpg', 'img2.jpg', 'img8.jpg', 'img10.jpg', 'img4.jpg', '2020-01-01', '봄', '일출', '계곡', '호수', '상시', '주중', NULL, NULL, NULL),
('camp02@gamsung.site', 3, 'N', '맑은 계곡과 조용하고 아름다운 주변경관이 진정한 힐링', '울창한 숲산이 캠핑장을 둘러싸고, 천연수가 흐르는 깨끗한 계곡이 흐르는 청정자연 캠핑장이다. ', 'map2.jpg', 'img2.jpg', 'img1.jpg', 'img10.jpg', 'img8.jpg', 'img7.jpg', '2020-02-01', '여름', '일몰', '호수', '강', '여름', '주말', NULL, NULL, NULL),
('camp03@gamsung.site', 3, 'N', '고객님들에게 보다 편안한 휴식을 제공 하고 있습니다.', '주변관광지로는 배론성지, 탁사정, 옥순봉, 송계계곡 등이 있다.', 'map4.jpg', 'img3.jpg', 'img2.jpg', 'img1.jpg', 'img10.jpg', 'img7.jpg', '2020-03-01', '가을', '등산', '강', '산', '가을', '상시', NULL, NULL, NULL),
('camp04@gamsung.site', 3, 'N', '자연과 호흡하며 자연스런 체험을 통한 이코힐링과 건강한 가족문화를 정립시킬 수 있도록 운영하고 있습니다', '수변공간과 조화된 경관이 뛰어나며, 배산임수의 지형으로 수변공간과 녹음을 동시에 즐길 수 있으며, 전망데크·데크로드·잔디광장 등 다양한 조경시설물이 설치되어있어 편안한 휴식공간 및 시간을 제공합니다.', 'map3.jpg', 'img4.jpg', 'img3.jpg', 'img2.jpg', 'img1.jpg', 'img8.jpg', '2020-04-01', '겨울', '낚시', '바다', '도시', '겨울', '주말', NULL, NULL, NULL),
('camp05@gamsung.site', 3, 'N', '다채로운 체험학습과 생태교육을 통한 창의인성 교육을 목표로 설립하였습니다', '약 1500평의 녋은 천연잔디 운동장임 단순히 캠핑을 즐기기도 하지만 아이들 체험학습으로 국내 유일의 독도사진전시관으로 독도모형도관람, 설명, 독도사진관람, 도자기 핸드페인팅, 농촌 체험(농산물 수확, 심기) 등 다양한 체험활동을 할 수 있다.', 'map5.jpg', 'img5.jpg', 'img4.jpg', 'img3.jpg', 'img2.jpg', 'img1.jpg', '2020-05-01', '봄', '일출', '계곡', '산', '봄', '주중', NULL, NULL, NULL),
('camp06@gamsung.site', 3, 'N', '맑은 계곡과 조용하고 아름다운 주변경관이 진정한 힐링', '울창한 숲산이 캠핑장을 둘러싸고, 천연수가 흐르는 깨끗한 계곡이 흐르는 청정자연 캠핑장이다. ', 'map5.jpg', 'img6.jpg', 'img5.jpg', 'img4.jpg', 'img3.jpg', 'img2.jpg', '2020-06-01', '여름', '일몰', '호수', '도시', '여름', '주말', NULL, NULL, NULL),
('camp07@gamsung.site', 3, 'N', '자연과 호흡하며 자연스런 체험을 통한 이코힐링과 건강한 가족문화를 정립시킬 수 있도록 운영하고 있습니다', '국내산 삼겹살, 목살, 닭다리살이 포함된 세트메뉴와 각종 국내산 야채, 소스들이 건강한 밥상을 제공하고 있다', 'map6.jpg', 'img7.jpg', 'img6.jpg', 'img5.jpg', 'img4.jpg', 'img3.jpg', '2020-07-01', '가을', '등산', '바다', '섬', '가을', '상시', NULL, NULL, NULL),
('camp08@gamsung.site', 3, 'N', '고객님들에게 보다 편안한 휴식을 제공 하고 있습니다.', '주변관광지로는 배론성지, 탁사정, 옥순봉, 송계계곡 등이 있다.', 'map3.jpg', 'img8.jpg', 'img7.jpg', 'img6.jpg', 'img5.jpg', 'img4.jpg', '2020-08-01', '겨울', '낚시', '강', '산', '겨울', '상시', NULL, NULL, NULL),
('camp09@gamsung.site', 3, 'N', '다채로운 체험학습과 생태교육을 통한 창의인성 교육을 목표로 설립하였습니다', '핑을 즐기고 싶은 고객들을 위하여 야간 텐트를 대여해주고 있으며, 부대시설로 아이들을 위한 유아놀이터, 모래놀이장과 화장실, 매점은 있으나 샤워시설, 개수대는 없다', 'map5.jpg', 'img9.jpg', 'img8.jpg', 'img7.jpg', 'img6.jpg', 'img5.jpg', '2020-09-01', '봄', '애완동물동반', '산', '도시', '봄', '주중', NULL, NULL, NULL),
('camp10@gamsung.site', 3, 'N', '자연경관 속에 자리하여 캠핑 기간 동안 자연과 사람이 하나 되어 자연의 정취와 여유를 느낄 수 있습니다.', '약 1500평의 녋은 천연잔디 운동장임 단순히 캠핑을 즐기기도 하지만 아이들 체험학습으로 국내 유일의 독도사진전시관으로 독도모형도관람, 설명, 독도사진관람, 도자기 핸드페인팅, 농촌 체험(농산물 수확, 심기) 등 다양한 체험활동을 할 수 있다.', 'map6.jpg', 'img10.jpg', 'img9.jpg', 'img8.jpg', 'img7.jpg', 'img6.jpg', '2020-10-01', '여름', '일출', '숲', '강', '여름', '상시', NULL, NULL, NULL),
('camp11@gamsung.site', 3, 'N', '맑은 계곡과 조용하고 아름다운 주변경관이 진정한 힐링', '수영장과 방가로 시설, 최신 샤워시설 및 개수대 등 모든 편의시설이 갖추어져 있어 고객님들이 캠핑장 이용시 불편함 없이 사용하실 수 있습니다.', 'map1.jpg', 'img1.jpg', 'img10.jpg', 'img9.jpg', 'img8.jpg', 'img7.jpg', '2020-11-01', '가을', '일몰', '도시', '숲', '가을', '주중', NULL, NULL, NULL),
('camp12@gamsung.site', 3, 'N', '자연경관 속에 자리하여 캠핑 기간 동안 자연과 사람이 하나 되어 자연의 정취와 여유를 느낄 수 있습니다.', '울창한 숲산이 캠핑장을 둘러싸고, 천연수가 흐르는 깨끗한 계곡이 흐르는 청정자연 캠핑장이다. ', 'map7.jpg', 'img2.jpg', 'img1.jpg', 'img10.jpg', 'img9.jpg', 'img8.jpg', '2020-12-01', '겨울', '등산', '섬', '바다', '겨울', '주말', NULL, NULL, NULL),
('camp13@gamsung.site', 3, 'N', '자연과 호흡하며 자연스런 체험을 통한 이코힐링과 건강한 가족문화를 정립시킬 수 있도록 운영하고 있습니다', '수변공간과 조화된 경관이 뛰어나며, 배산임수의 지형으로 수변공간과 녹음을 동시에 즐길 수 있으며, 전망데크·데크로드·잔디광장 등 다양한 조경시설물이 설치되어있어 편안한 휴식공간 및 시간을 제공합니다.', 'map4.jpg', 'img3.jpg', 'img2.jpg', 'img1.jpg', 'img10.jpg', 'img9.jpg', '2021-01-01', '봄', '낚시', '계곡', '강', '봄', '주중', NULL, NULL, NULL),
('camp14@gamsung.site', 3, 'N', '고객님들에게 보다 편안한 휴식을 제공 하고 있습니다.', '국내산 삼겹살, 목살, 닭다리살이 포함된 세트메뉴와 각종 국내산 야채, 소스들이 건강한 밥상을 제공하고 있다', 'map7.jpg', 'img4.jpg', 'img3.jpg', 'img2.jpg', 'img1.jpg', 'img10.jpg', '2021-02-01', '여름', '애완동물동반', '호수', '숲', '여름', '주말', NULL, NULL, NULL),
('camp15@gamsung.site', 3, 'N', '다채로운 체험학습과 생태교육을 통한 창의인성 교육을 목표로 설립하였습니다', '약 1500평의 녋은 천연잔디 운동장임 단순히 캠핑을 즐기기도 하지만 아이들 체험학습으로 국내 유일의 독도사진전시관으로 독도모형도관람, 설명, 독도사진관람, 도자기 핸드페인팅, 농촌 체험(농산물 수확, 심기) 등 다양한 체험활동을 할 수 있다.', 'map6.jpg', 'img5.jpg', 'img4.jpg', 'img3.jpg', 'img2.jpg', 'img1.jpg', '2021-03-01', '가을', '일출', '강', '도시', '가을', '상시', NULL, NULL, NULL),
('camp16@gamsung.site', 3, 'N', '어린이들의 성장 발달을 위한 유아숲체험원이 있습니다. ', '약 1500평의 녋은 천연잔디 운동장임 단순히 캠핑을 즐기기도 하지만 아이들 체험학습으로 국내 유일의 독도사진전시관으로 독도모형도관람, 설명, 독도사진관람, 도자기 핸드페인팅, 농촌 체험(농산물 수확, 심기) 등 다양한 체험활동을 할 수 있다.', 'map2.jpg', 'img6.jpg', 'img5.jpg', 'img4.jpg', 'img3.jpg', 'img2.jpg', '2021-04-01', '겨울', '일몰', '바다', '강', '겨울', '주말', NULL, NULL, NULL),
('camp17@gamsung.site', 3, 'N', '맑은 계곡과 조용하고 아름다운 주변경관이 진정한 힐링', '수변공간과 조화된 경관이 뛰어나며, 배산임수의 지형으로 수변공간과 녹음을 동시에 즐길 수 있으며, 전망데크·데크로드·잔디광장 등 다양한 조경시설물이 설치되어있어 편안한 휴식공간 및 시간을 제공합니다.', 'map4.jpg', 'img7.jpg', 'img6.jpg', 'img5.jpg', 'img4.jpg', 'img3.jpg', '2021-05-01', '봄', '일출', '섬', '산', '봄', '주말', NULL, NULL, NULL),
('camp18@gamsung.site', 3, 'N', '어린이들의 성장 발달을 위한 유아숲체험원이 있습니다. ', '울창한 숲산이 캠핑장을 둘러싸고, 천연수가 흐르는 깨끗한 계곡이 흐르는 청정자연 캠핑장이다. ', 'map3.jpg', 'img8.jpg', 'img7.jpg', 'img6.jpg', 'img5.jpg', 'img4.jpg', '2021-06-01', '여름', '등산', '산', '숲', '여름', '상시', NULL, NULL, NULL),
('camp19@gamsung.site', 3, 'N', '고객님들에게 보다 편안한 휴식을 제공 하고 있습니다.', '자연경관 속에 자리하여 캠핑 기간 동안 자연과 사람이 하나 되어 자연의 정취와 여유를 느낄 수 있습니다.', 'map4.jpg', 'img9.jpg', 'img8.jpg', 'img7.jpg', 'img6.jpg', 'img5.jpg', '2021-07-01', '가을', '낚시', '숲', '산', '가을', '주중', NULL, NULL, NULL),
('camp20@gamsung.site', 3, 'N', '다채로운 체험학습과 생태교육을 통한 창의인성 교육을 목표로 설립하였습니다', '어린이들의 성장 발달을 위한 유아숲체험원이 있습니다. ', 'map7.jpg', 'img10.jpg', 'img9.jpg', 'img8.jpg', 'img7.jpg', 'img6.jpg', '2021-08-01', '겨울', '애완동물동반', '산', '도시', '겨울', '주말', NULL, NULL, NULL),
('camp21@gamsung.site', 3, 'N', '맑은 계곡과 조용하고 아름다운 주변경관이 진정한 힐링', '수변공간과 조화된 경관이 뛰어나며, 배산임수의 지형으로 수변공간과 녹음을 동시에 즐길 수 있으며, 전망데크·데크로드·잔디광장 등 다양한 조경시설물이 설치되어있어 편안한 휴식공간 및 시간을 제공합니다.', 'map1.jpg', 'img1.jpg', 'img10.jpg', 'img9.jpg', 'img8.jpg', 'img7.jpg', '2021-09-01', '봄', '일출', '도시', '계곡', '봄', '상시', NULL, NULL, NULL),
('camp22@gamsung.site', 2, 'N', '어린이들의 성장 발달을 위한 유아숲체험원이 있습니다. ', '약 1500평의 녋은 천연잔디 운동장임 단순히 캠핑을 즐기기도 하지만 아이들 체험학습으로 국내 유일의 독도사진전시관으로 독도모형도관람, 설명, 독도사진관람, 도자기 핸드페인팅, 농촌 체험(농산물 수확, 심기) 등 다양한 체험활동을 할 수 있다.', 'map4.jpg', 'img2.jpg', 'img1.jpg', 'img10.jpg', 'img9.jpg', 'img8.jpg', '2021-10-01', '여름', '애완동물동반', '호수', '섬', '여름', '주말', NULL, NULL, NULL),
('camp23@gamsung.site', 2, 'N', '맑은 계곡과 조용하고 아름다운 주변경관이 진정한 힐링', '울창한 숲산이 캠핑장을 둘러싸고, 천연수가 흐르는 깨끗한 계곡이 흐르는 청정자연 캠핑장이다. ', 'map3.jpg', 'img3.jpg', 'img2.jpg', 'img1.jpg', 'img10.jpg', 'img9.jpg', '2021-11-01', '가을', '일출', '숲', '섬', '가을', '주중', NULL, NULL, NULL),
('camp24@gamsung.site', 0, 'N', NULL, NULL, NULL, NULL, NULL, '', '', '', '2021-12-01', '', '', '', '', '', '', NULL, NULL, NULL),
('camp25@gamsung.site', 0, 'N', NULL, NULL, NULL, '', '', '', '', '', '2021-12-02', '', '', '', '', '', '', NULL, NULL, NULL);


INSERT INTO MAINSITE
(camp_no, 	mainsite_type, 	delete_flag, 	mainsite_name, 	mainsite_section, 	mainsite_size, 	mainsite_min_capacity, 	mainsite_max_capacity, 	mainsite_min_price, 	mainsite_add_price, 	mainsite_parking_size, 	mainsite_info, 	mainsite_reg_date, 	mainsite_img1, 	mainsite_img2, 	mainsite_img3)
VALUES
(10000, '오토캠핑', 'N', '태양', 'A1', '4m X 6m', 2, 4, 50000, 10000, 1, '모든시설이 구비된 시설입니다.', '2019-01-01', 'main7.jpg', 'main1.jpg', 'main11.jpg'),
(10000, '글램핑', 'N', '달', 'A2', '2인실', 2, 2, 100000, 15000, 1, '사계절 아늑합니다.', '2019-01-01', 'main8.jpg', 'main2.jpg', 'main12.jpg'),
(10000, '카라반', 'N', '겔럭시', 'A3', '2인실', 2, 2, 80000, 25000, 1, '최신형으로 쾌적합니다.', '2019-01-01', 'main9.jpg', 'main3.jpg', 'main13.jpg'),
(10000, '방갈로', 'N', '아레스', 'A4', '4인실', 2, 4, 100000, 20000, 1, '가족단위 모임에 편리합니다.', '2019-01-01', 'main10.jpg', 'main4.jpg', 'main8.jpg'),
(10000, '팬션', 'N', '밀키웨이', 'A5', '6인실', 2, 8, 250000, 10000, 2, '복층형 구조로 벽난로가 설치되어있습니다.', '2019-01-01', 'main11.jpg', 'main5.jpg', 'main1.jpg'),
(10000, '자동차야영장', 'N', '아르테미스', 'A6', '6m X 11m', 2, 4, 60000, 20000, 1, '전기, 수도 모든시설이 구비되어있습니다.', '2020-01-01', 'main12.jpg', 'main6.jpg', 'main2.jpg'),
(10000, '글램핑', 'N', '비너스', 'A7', '4인실', 2, 4, 150000, 20000, 2, '감성적인 분위기에 적합합니다.', '2020-01-01', 'main13.jpg', 'main7.jpg', 'main10.jpg'),
(10001, '오토캠핑', 'N', '태양', 'A1', '4m X 6m', 2, 4, 50000, 10000, 1, '모든시설이 구비된 시설입니다.', '2019-01-01', 'main7.jpg', 'main1.jpg', 'main11.jpg'),
(10001, '글램핑', 'N', '달', 'A2', '2인실', 2, 2, 100000, 15000, 1, '사계절 아늑합니다.', '2019-01-01', 'main8.jpg', 'main2.jpg', 'main12.jpg'),
(10001, '카라반', 'N', '겔럭시', 'A3', '2인실', 2, 2, 80000, 25000, 1, '최신형으로 쾌적합니다.', '2019-01-01', 'main9.jpg', 'main3.jpg', 'main13.jpg'),
(10001, '방갈로', 'N', '아레스', 'A4', '4인실', 2, 4, 100000, 20000, 1, '가족단위 모임에 편리합니다.', '2019-01-01', 'main10.jpg', 'main4.jpg', 'main8.jpg'),
(10001, '팬션', 'N', '밀키웨이', 'A5', '6인실', 2, 8, 250000, 10000, 2, '복층형 구조로 벽난로가 설치되어있습니다.', '2019-01-01', 'main11.jpg', 'main5.jpg', 'main1.jpg'),
(10001, '자동차야영장', 'N', '아르테미스', 'A6', '6m X 11m', 2, 4, 60000, 20000, 1, '전기, 수도 모든시설이 구비되어있습니다.', '2020-01-01', 'main12.jpg', 'main6.jpg', 'main2.jpg'),
(10001, '글램핑', 'N', '비너스', 'A7', '4인실', 2, 4, 150000, 20000, 2, '감성적인 분위기에 적합합니다.', '2020-01-01', 'main13.jpg', 'main7.jpg', 'main10.jpg'),
(10002, '오토캠핑', 'N', '태양', 'A1', '4m X 6m', 2, 4, 50000, 10000, 1, '모든시설이 구비된 시설입니다.', '2019-01-01', 'main7.jpg', 'main1.jpg', 'main11.jpg'),
(10002, '글램핑', 'N', '달', 'A2', '2인실', 2, 2, 100000, 15000, 1, '사계절 아늑합니다.', '2019-01-01', 'main8.jpg', 'main2.jpg', 'main12.jpg'),
(10002, '카라반', 'N', '겔럭시', 'A3', '2인실', 2, 2, 80000, 25000, 1, '최신형으로 쾌적합니다.', '2019-01-01', 'main9.jpg', 'main3.jpg', 'main13.jpg'),
(10002, '방갈로', 'N', '아레스', 'A4', '4인실', 2, 4, 100000, 20000, 1, '가족단위 모임에 편리합니다.', '2019-01-01', 'main10.jpg', 'main4.jpg', 'main8.jpg'),
(10002, '팬션', 'N', '밀키웨이', 'A5', '6인실', 2, 8, 250000, 10000, 2, '복층형 구조로 벽난로가 설치되어있습니다.', '2019-01-01', 'main11.jpg', 'main5.jpg', 'main1.jpg'),
(10002, '자동차야영장', 'N', '아르테미스', 'A6', '6m X 11m', 2, 4, 60000, 20000, 1, '전기, 수도 모든시설이 구비되어있습니다.', '2020-01-01', 'main12.jpg', 'main6.jpg', 'main2.jpg'),
(10002, '글램핑', 'N', '비너스', 'A7', '4인실', 2, 4, 150000, 20000, 2, '감성적인 분위기에 적합합니다.', '2020-01-01', 'main13.jpg', 'main7.jpg', 'main10.jpg'),
(10003, '오토캠핑', 'N', '태양', 'A1', '4m X 6m', 2, 4, 50000, 10000, 1, '모든시설이 구비된 시설입니다.', '2019-01-01', 'main7.jpg', 'main1.jpg', 'main11.jpg'),
(10003, '글램핑', 'N', '달', 'A2', '2인실', 2, 2, 100000, 15000, 1, '사계절 아늑합니다.', '2019-01-01', 'main8.jpg', 'main2.jpg', 'main12.jpg'),
(10003, '카라반', 'N', '겔럭시', 'A3', '2인실', 2, 2, 80000, 25000, 1, '최신형으로 쾌적합니다.', '2019-01-01', 'main9.jpg', 'main3.jpg', 'main13.jpg'),
(10003, '방갈로', 'N', '아레스', 'A4', '4인실', 2, 4, 100000, 20000, 1, '가족단위 모임에 편리합니다.', '2019-01-01', 'main10.jpg', 'main4.jpg', 'main8.jpg'),
(10003, '팬션', 'N', '밀키웨이', 'A5', '6인실', 2, 8, 250000, 10000, 2, '복층형 구조로 벽난로가 설치되어있습니다.', '2019-01-01', 'main11.jpg', 'main5.jpg', 'main1.jpg'),
(10003, '자동차야영장', 'N', '아르테미스', 'A6', '6m X 11m', 2, 4, 60000, 20000, 1, '전기, 수도 모든시설이 구비되어있습니다.', '2020-01-01', 'main12.jpg', 'main6.jpg', 'main2.jpg'),
(10003, '글램핑', 'N', '비너스', 'A7', '4인실', 2, 4, 150000, 20000, 2, '감성적인 분위기에 적합합니다.', '2020-01-01', 'main13.jpg', 'main7.jpg', 'main10.jpg'),
(10004, '오토캠핑', 'N', '태양', 'A1', '4m X 6m', 2, 4, 50000, 10000, 1, '모든시설이 구비된 시설입니다.', '2019-01-01', 'main7.jpg', 'main1.jpg', 'main11.jpg'),
(10004, '글램핑', 'N', '달', 'A2', '2인실', 2, 2, 100000, 15000, 1, '사계절 아늑합니다.', '2019-01-01', 'main8.jpg', 'main2.jpg', 'main12.jpg'),
(10004, '카라반', 'N', '겔럭시', 'A3', '2인실', 2, 2, 80000, 25000, 1, '최신형으로 쾌적합니다.', '2019-01-01', 'main9.jpg', 'main3.jpg', 'main13.jpg'),
(10004, '방갈로', 'N', '아레스', 'A4', '4인실', 2, 4, 100000, 20000, 1, '가족단위 모임에 편리합니다.', '2019-01-01', 'main10.jpg', 'main4.jpg', 'main8.jpg'),
(10004, '팬션', 'N', '밀키웨이', 'A5', '6인실', 2, 8, 250000, 10000, 2, '복층형 구조로 벽난로가 설치되어있습니다.', '2019-01-01', 'main11.jpg', 'main5.jpg', 'main1.jpg'),
(10004, '자동차야영장', 'N', '아르테미스', 'A6', '6m X 11m', 2, 4, 60000, 20000, 1, '전기, 수도 모든시설이 구비되어있습니다.', '2020-01-01', 'main12.jpg', 'main6.jpg', 'main2.jpg'),
(10004, '글램핑', 'N', '비너스', 'A7', '4인실', 2, 4, 150000, 20000, 2, '감성적인 분위기에 적합합니다.', '2020-01-01', 'main13.jpg', 'main7.jpg', 'main10.jpg'),
(10005, '오토캠핑', 'N', '태양', 'A1', '4m X 6m', 2, 4, 50000, 10000, 1, '모든시설이 구비된 시설입니다.', '2019-01-01', 'main7.jpg', 'main1.jpg', 'main11.jpg'),
(10005, '글램핑', 'N', '달', 'A2', '2인실', 2, 2, 100000, 15000, 1, '사계절 아늑합니다.', '2019-01-01', 'main8.jpg', 'main2.jpg', 'main12.jpg'),
(10005, '카라반', 'N', '겔럭시', 'A3', '2인실', 2, 2, 80000, 25000, 1, '최신형으로 쾌적합니다.', '2019-01-01', 'main9.jpg', 'main3.jpg', 'main13.jpg'),
(10005, '방갈로', 'N', '아레스', 'A4', '4인실', 2, 4, 100000, 20000, 1, '가족단위 모임에 편리합니다.', '2019-01-01', 'main10.jpg', 'main4.jpg', 'main8.jpg'),
(10005, '팬션', 'N', '밀키웨이', 'A5', '6인실', 2, 8, 250000, 10000, 2, '복층형 구조로 벽난로가 설치되어있습니다.', '2019-01-01', 'main11.jpg', 'main5.jpg', 'main1.jpg'),
(10005, '자동차야영장', 'N', '아르테미스', 'A6', '6m X 11m', 2, 4, 60000, 20000, 1, '전기, 수도 모든시설이 구비되어있습니다.', '2020-01-01', 'main12.jpg', 'main6.jpg', 'main2.jpg'),
(10005, '글램핑', 'N', '비너스', 'A7', '4인실', 2, 4, 150000, 20000, 2, '감성적인 분위기에 적합합니다.', '2020-01-01', 'main13.jpg', 'main7.jpg', 'main10.jpg'),
(10006, '오토캠핑', 'N', '태양', 'A1', '4m X 6m', 2, 4, 50000, 10000, 1, '모든시설이 구비된 시설입니다.', '2019-01-01', 'main7.jpg', 'main1.jpg', 'main11.jpg'),
(10006, '글램핑', 'N', '달', 'A2', '2인실', 2, 2, 100000, 15000, 1, '사계절 아늑합니다.', '2019-01-01', 'main8.jpg', 'main2.jpg', 'main12.jpg'),
(10006, '카라반', 'N', '겔럭시', 'A3', '2인실', 2, 2, 80000, 25000, 1, '최신형으로 쾌적합니다.', '2019-01-01', 'main9.jpg', 'main3.jpg', 'main13.jpg'),
(10006, '방갈로', 'N', '아레스', 'A4', '4인실', 2, 4, 100000, 20000, 1, '가족단위 모임에 편리합니다.', '2019-01-01', 'main10.jpg', 'main4.jpg', 'main8.jpg'),
(10006, '팬션', 'N', '밀키웨이', 'A5', '6인실', 2, 8, 250000, 10000, 2, '복층형 구조로 벽난로가 설치되어있습니다.', '2019-01-01', 'main11.jpg', 'main5.jpg', 'main1.jpg'),
(10006, '자동차야영장', 'N', '아르테미스', 'A6', '6m X 11m', 2, 4, 60000, 20000, 1, '전기, 수도 모든시설이 구비되어있습니다.', '2020-01-01', 'main12.jpg', 'main6.jpg', 'main2.jpg'),
(10006, '글램핑', 'N', '비너스', 'A7', '4인실', 2, 4, 150000, 20000, 2, '감성적인 분위기에 적합합니다.', '2020-01-01', 'main13.jpg', 'main7.jpg', 'main10.jpg'),
(10007, '오토캠핑', 'N', '태양', 'A1', '4m X 6m', 2, 4, 50000, 10000, 1, '모든시설이 구비된 시설입니다.', '2019-01-01', 'main7.jpg', 'main1.jpg', 'main11.jpg'),
(10007, '글램핑', 'N', '달', 'A2', '2인실', 2, 2, 100000, 15000, 1, '사계절 아늑합니다.', '2019-01-01', 'main8.jpg', 'main2.jpg', 'main12.jpg'),
(10007, '카라반', 'N', '겔럭시', 'A3', '2인실', 2, 2, 80000, 25000, 1, '최신형으로 쾌적합니다.', '2019-01-01', 'main9.jpg', 'main3.jpg', 'main13.jpg'),
(10007, '방갈로', 'N', '아레스', 'A4', '4인실', 2, 4, 100000, 20000, 1, '가족단위 모임에 편리합니다.', '2019-01-01', 'main10.jpg', 'main4.jpg', 'main8.jpg'),
(10007, '팬션', 'N', '밀키웨이', 'A5', '6인실', 2, 8, 250000, 10000, 2, '복층형 구조로 벽난로가 설치되어있습니다.', '2019-01-01', 'main11.jpg', 'main5.jpg', 'main1.jpg'),
(10007, '자동차야영장', 'N', '아르테미스', 'A6', '6m X 11m', 2, 4, 60000, 20000, 1, '전기, 수도 모든시설이 구비되어있습니다.', '2020-01-01', 'main12.jpg', 'main6.jpg', 'main2.jpg'),
(10007, '글램핑', 'N', '비너스', 'A7', '4인실', 2, 4, 150000, 20000, 2, '감성적인 분위기에 적합합니다.', '2020-01-01', 'main13.jpg', 'main7.jpg', 'main10.jpg'),
(10008, '오토캠핑', 'N', '태양', 'A1', '4m X 6m', 2, 4, 50000, 10000, 1, '모든시설이 구비된 시설입니다.', '2019-01-01', 'main7.jpg', 'main1.jpg', 'main11.jpg'),
(10008, '글램핑', 'N', '달', 'A2', '2인실', 2, 2, 100000, 15000, 1, '사계절 아늑합니다.', '2019-01-01', 'main8.jpg', 'main2.jpg', 'main12.jpg'),
(10008, '카라반', 'N', '겔럭시', 'A3', '2인실', 2, 2, 80000, 25000, 1, '최신형으로 쾌적합니다.', '2019-01-01', 'main9.jpg', 'main3.jpg', 'main13.jpg'),
(10008, '방갈로', 'N', '아레스', 'A4', '4인실', 2, 4, 100000, 20000, 1, '가족단위 모임에 편리합니다.', '2019-01-01', 'main10.jpg', 'main4.jpg', 'main8.jpg'),
(10008, '팬션', 'N', '밀키웨이', 'A5', '6인실', 2, 8, 250000, 10000, 2, '복층형 구조로 벽난로가 설치되어있습니다.', '2019-01-01', 'main11.jpg', 'main5.jpg', 'main1.jpg'),
(10008, '자동차야영장', 'N', '아르테미스', 'A6', '6m X 11m', 2, 4, 60000, 20000, 1, '전기, 수도 모든시설이 구비되어있습니다.', '2020-01-01', 'main12.jpg', 'main6.jpg', 'main2.jpg'),
(10008, '글램핑', 'N', '비너스', 'A7', '4인실', 2, 4, 150000, 20000, 2, '감성적인 분위기에 적합합니다.', '2020-01-01', 'main13.jpg', 'main7.jpg', 'main10.jpg'),
(10009, '오토캠핑', 'N', '태양', 'A1', '4m X 6m', 2, 4, 50000, 10000, 1, '모든시설이 구비된 시설입니다.', '2019-01-01', 'main7.jpg', 'main1.jpg', 'main11.jpg'),
(10009, '글램핑', 'N', '달', 'A2', '2인실', 2, 2, 100000, 15000, 1, '사계절 아늑합니다.', '2019-01-01', 'main8.jpg', 'main2.jpg', 'main12.jpg'),
(10009, '카라반', 'N', '겔럭시', 'A3', '2인실', 2, 2, 80000, 25000, 1, '최신형으로 쾌적합니다.', '2019-01-01', 'main9.jpg', 'main3.jpg', 'main13.jpg'),
(10009, '방갈로', 'N', '아레스', 'A4', '4인실', 2, 4, 100000, 20000, 1, '가족단위 모임에 편리합니다.', '2019-01-01', 'main10.jpg', 'main4.jpg', 'main8.jpg'),
(10009, '팬션', 'N', '밀키웨이', 'A5', '6인실', 2, 8, 250000, 10000, 2, '복층형 구조로 벽난로가 설치되어있습니다.', '2019-01-01', 'main11.jpg', 'main5.jpg', 'main1.jpg'),
(10009, '자동차야영장', 'N', '아르테미스', 'A6', '6m X 11m', 2, 4, 60000, 20000, 1, '전기, 수도 모든시설이 구비되어있습니다.', '2020-01-01', 'main12.jpg', 'main6.jpg', 'main2.jpg'),
(10009, '글램핑', 'N', '비너스', 'A7', '4인실', 2, 4, 150000, 20000, 2, '감성적인 분위기에 적합합니다.', '2020-01-01', 'main13.jpg', 'main7.jpg', 'main10.jpg'),
(10010, '오토캠핑', 'N', '태양', 'A1', '4m X 6m', 2, 4, 50000, 10000, 1, '모든시설이 구비된 시설입니다.', '2019-01-01', 'main7.jpg', 'main1.jpg', 'main11.jpg'),
(10010, '글램핑', 'N', '달', 'A2', '2인실', 2, 2, 100000, 15000, 1, '사계절 아늑합니다.', '2019-01-01', 'main8.jpg', 'main2.jpg', 'main12.jpg'),
(10010, '카라반', 'N', '겔럭시', 'A3', '2인실', 2, 2, 80000, 25000, 1, '최신형으로 쾌적합니다.', '2019-01-01', 'main9.jpg', 'main3.jpg', 'main13.jpg'),
(10010, '방갈로', 'N', '아레스', 'A4', '4인실', 2, 4, 100000, 20000, 1, '가족단위 모임에 편리합니다.', '2019-01-01', 'main10.jpg', 'main4.jpg', 'main8.jpg'),
(10010, '팬션', 'N', '밀키웨이', 'A5', '6인실', 2, 8, 250000, 10000, 2, '복층형 구조로 벽난로가 설치되어있습니다.', '2019-01-01', 'main11.jpg', 'main5.jpg', 'main1.jpg'),
(10010, '자동차야영장', 'N', '아르테미스', 'A6', '6m X 11m', 2, 4, 60000, 20000, 1, '전기, 수도 모든시설이 구비되어있습니다.', '2020-01-01', 'main12.jpg', 'main6.jpg', 'main2.jpg'),
(10010, '글램핑', 'N', '비너스', 'A7', '4인실', 2, 4, 150000, 20000, 2, '감성적인 분위기에 적합합니다.', '2020-01-01', 'main13.jpg', 'main7.jpg', 'main10.jpg'),
(10011, '오토캠핑', 'N', '태양', 'A1', '4m X 6m', 2, 4, 50000, 10000, 1, '모든시설이 구비된 시설입니다.', '2019-01-01', 'main7.jpg', 'main1.jpg', 'main11.jpg'),
(10011, '글램핑', 'N', '달', 'A2', '2인실', 2, 2, 100000, 15000, 1, '사계절 아늑합니다.', '2019-01-01', 'main8.jpg', 'main2.jpg', 'main12.jpg'),
(10011, '카라반', 'N', '겔럭시', 'A3', '2인실', 2, 2, 80000, 25000, 1, '최신형으로 쾌적합니다.', '2019-01-01', 'main9.jpg', 'main3.jpg', 'main13.jpg'),
(10011, '방갈로', 'N', '아레스', 'A4', '4인실', 2, 4, 100000, 20000, 1, '가족단위 모임에 편리합니다.', '2019-01-01', 'main10.jpg', 'main4.jpg', 'main8.jpg'),
(10011, '팬션', 'N', '밀키웨이', 'A5', '6인실', 2, 8, 250000, 10000, 2, '복층형 구조로 벽난로가 설치되어있습니다.', '2019-01-01', 'main11.jpg', 'main5.jpg', 'main1.jpg'),
(10011, '자동차야영장', 'N', '아르테미스', 'A6', '6m X 11m', 2, 4, 60000, 20000, 1, '전기, 수도 모든시설이 구비되어있습니다.', '2020-01-01', 'main12.jpg', 'main6.jpg', 'main2.jpg'),
(10011, '글램핑', 'N', '비너스', 'A7', '4인실', 2, 4, 150000, 20000, 2, '감성적인 분위기에 적합합니다.', '2020-01-01', 'main13.jpg', 'main7.jpg', 'main10.jpg'),
(10012, '오토캠핑', 'N', '태양', 'A1', '4m X 6m', 2, 4, 50000, 10000, 1, '모든시설이 구비된 시설입니다.', '2019-01-01', 'main7.jpg', 'main1.jpg', 'main11.jpg'),
(10012, '글램핑', 'N', '달', 'A2', '2인실', 2, 2, 100000, 15000, 1, '사계절 아늑합니다.', '2019-01-01', 'main8.jpg', 'main2.jpg', 'main12.jpg'),
(10012, '카라반', 'N', '겔럭시', 'A3', '2인실', 2, 2, 80000, 25000, 1, '최신형으로 쾌적합니다.', '2019-01-01', 'main9.jpg', 'main3.jpg', 'main13.jpg'),
(10012, '방갈로', 'N', '아레스', 'A4', '4인실', 2, 4, 100000, 20000, 1, '가족단위 모임에 편리합니다.', '2019-01-01', 'main10.jpg', 'main4.jpg', 'main8.jpg'),
(10012, '팬션', 'N', '밀키웨이', 'A5', '6인실', 2, 8, 250000, 10000, 2, '복층형 구조로 벽난로가 설치되어있습니다.', '2019-01-01', 'main11.jpg', 'main5.jpg', 'main1.jpg'),
(10012, '자동차야영장', 'N', '아르테미스', 'A6', '6m X 11m', 2, 4, 60000, 20000, 1, '전기, 수도 모든시설이 구비되어있습니다.', '2020-01-01', 'main12.jpg', 'main6.jpg', 'main2.jpg'),
(10012, '글램핑', 'N', '비너스', 'A7', '4인실', 2, 4, 150000, 20000, 2, '감성적인 분위기에 적합합니다.', '2020-01-01', 'main13.jpg', 'main7.jpg', 'main10.jpg'),
(10013, '오토캠핑', 'N', '태양', 'A1', '4m X 6m', 2, 4, 50000, 10000, 1, '모든시설이 구비된 시설입니다.', '2019-01-01', 'main7.jpg', 'main1.jpg', 'main11.jpg'),
(10013, '글램핑', 'N', '달', 'A2', '2인실', 2, 2, 100000, 15000, 1, '사계절 아늑합니다.', '2019-01-01', 'main8.jpg', 'main2.jpg', 'main12.jpg'),
(10013, '카라반', 'N', '겔럭시', 'A3', '2인실', 2, 2, 80000, 25000, 1, '최신형으로 쾌적합니다.', '2019-01-01', 'main9.jpg', 'main3.jpg', 'main13.jpg'),
(10013, '방갈로', 'N', '아레스', 'A4', '4인실', 2, 4, 100000, 20000, 1, '가족단위 모임에 편리합니다.', '2019-01-01', 'main10.jpg', 'main4.jpg', 'main8.jpg'),
(10013, '팬션', 'N', '밀키웨이', 'A5', '6인실', 2, 8, 250000, 10000, 2, '복층형 구조로 벽난로가 설치되어있습니다.', '2019-01-01', 'main11.jpg', 'main5.jpg', 'main1.jpg'),
(10013, '자동차야영장', 'N', '아르테미스', 'A6', '6m X 11m', 2, 4, 60000, 20000, 1, '전기, 수도 모든시설이 구비되어있습니다.', '2020-01-01', 'main12.jpg', 'main6.jpg', 'main2.jpg'),
(10013, '글램핑', 'N', '비너스', 'A7', '4인실', 2, 4, 150000, 20000, 2, '감성적인 분위기에 적합합니다.', '2020-01-01', 'main13.jpg', 'main7.jpg', 'main10.jpg'),
(10014, '오토캠핑', 'N', '태양', 'A1', '4m X 6m', 2, 4, 50000, 10000, 1, '모든시설이 구비된 시설입니다.', '2019-01-01', 'main7.jpg', 'main1.jpg', 'main11.jpg'),
(10014, '글램핑', 'N', '달', 'A2', '2인실', 2, 2, 100000, 15000, 1, '사계절 아늑합니다.', '2019-01-01', 'main8.jpg', 'main2.jpg', 'main12.jpg'),
(10014, '카라반', 'N', '겔럭시', 'A3', '2인실', 2, 2, 80000, 25000, 1, '최신형으로 쾌적합니다.', '2019-01-01', 'main9.jpg', 'main3.jpg', 'main13.jpg'),
(10014, '방갈로', 'N', '아레스', 'A4', '4인실', 2, 4, 100000, 20000, 1, '가족단위 모임에 편리합니다.', '2019-01-01', 'main10.jpg', 'main4.jpg', 'main8.jpg'),
(10014, '팬션', 'N', '밀키웨이', 'A5', '6인실', 2, 8, 250000, 10000, 2, '복층형 구조로 벽난로가 설치되어있습니다.', '2019-01-01', 'main11.jpg', 'main5.jpg', 'main1.jpg'),
(10014, '자동차야영장', 'N', '아르테미스', 'A6', '6m X 11m', 2, 4, 60000, 20000, 1, '전기, 수도 모든시설이 구비되어있습니다.', '2020-01-01', 'main12.jpg', 'main6.jpg', 'main2.jpg'),
(10014, '글램핑', 'N', '비너스', 'A7', '4인실', 2, 4, 150000, 20000, 2, '감성적인 분위기에 적합합니다.', '2020-01-01', 'main13.jpg', 'main7.jpg', 'main10.jpg'),
(10015, '오토캠핑', 'N', '태양', 'A1', '4m X 6m', 2, 4, 50000, 10000, 1, '모든시설이 구비된 시설입니다.', '2019-01-01', 'main7.jpg', 'main1.jpg', 'main11.jpg'),
(10015, '글램핑', 'N', '달', 'A2', '2인실', 2, 2, 100000, 15000, 1, '사계절 아늑합니다.', '2019-01-01', 'main8.jpg', 'main2.jpg', 'main12.jpg'),
(10015, '카라반', 'N', '겔럭시', 'A3', '2인실', 2, 2, 80000, 25000, 1, '최신형으로 쾌적합니다.', '2019-01-01', 'main9.jpg', 'main3.jpg', 'main13.jpg'),
(10015, '방갈로', 'N', '아레스', 'A4', '4인실', 2, 4, 100000, 20000, 1, '가족단위 모임에 편리합니다.', '2019-01-01', 'main10.jpg', 'main4.jpg', 'main8.jpg'),
(10015, '팬션', 'N', '밀키웨이', 'A5', '6인실', 2, 8, 250000, 10000, 2, '복층형 구조로 벽난로가 설치되어있습니다.', '2019-01-01', 'main11.jpg', 'main5.jpg', 'main1.jpg'),
(10015, '자동차야영장', 'N', '아르테미스', 'A6', '6m X 11m', 2, 4, 60000, 20000, 1, '전기, 수도 모든시설이 구비되어있습니다.', '2020-01-01', 'main12.jpg', 'main6.jpg', 'main2.jpg'),
(10015, '글램핑', 'N', '비너스', 'A7', '4인실', 2, 4, 150000, 20000, 2, '감성적인 분위기에 적합합니다.', '2020-01-01', 'main13.jpg', 'main7.jpg', 'main10.jpg'),
(10016, '오토캠핑', 'N', '태양', 'A1', '4m X 6m', 2, 4, 50000, 10000, 1, '모든시설이 구비된 시설입니다.', '2019-01-01', 'main7.jpg', 'main1.jpg', 'main11.jpg'),
(10016, '글램핑', 'N', '달', 'A2', '2인실', 2, 2, 100000, 15000, 1, '사계절 아늑합니다.', '2019-01-01', 'main8.jpg', 'main2.jpg', 'main12.jpg'),
(10016, '카라반', 'N', '겔럭시', 'A3', '2인실', 2, 2, 80000, 25000, 1, '최신형으로 쾌적합니다.', '2019-01-01', 'main9.jpg', 'main3.jpg', 'main13.jpg'),
(10016, '방갈로', 'N', '아레스', 'A4', '4인실', 2, 4, 100000, 20000, 1, '가족단위 모임에 편리합니다.', '2019-01-01', 'main10.jpg', 'main4.jpg', 'main8.jpg'),
(10016, '팬션', 'N', '밀키웨이', 'A5', '6인실', 2, 8, 250000, 10000, 2, '복층형 구조로 벽난로가 설치되어있습니다.', '2019-01-01', 'main11.jpg', 'main5.jpg', 'main1.jpg'),
(10016, '자동차야영장', 'N', '아르테미스', 'A6', '6m X 11m', 2, 4, 60000, 20000, 1, '전기, 수도 모든시설이 구비되어있습니다.', '2020-01-01', 'main12.jpg', 'main6.jpg', 'main2.jpg'),
(10016, '글램핑', 'N', '비너스', 'A7', '4인실', 2, 4, 150000, 20000, 2, '감성적인 분위기에 적합합니다.', '2020-01-01', 'main13.jpg', 'main7.jpg', 'main10.jpg'),
(10017, '오토캠핑', 'N', '태양', 'A1', '4m X 6m', 2, 4, 50000, 10000, 1, '모든시설이 구비된 시설입니다.', '2019-01-01', 'main7.jpg', 'main1.jpg', 'main11.jpg'),
(10017, '글램핑', 'N', '달', 'A2', '2인실', 2, 2, 100000, 15000, 1, '사계절 아늑합니다.', '2019-01-01', 'main8.jpg', 'main2.jpg', 'main12.jpg'),
(10017, '카라반', 'N', '겔럭시', 'A3', '2인실', 2, 2, 80000, 25000, 1, '최신형으로 쾌적합니다.', '2019-01-01', 'main9.jpg', 'main3.jpg', 'main13.jpg'),
(10017, '방갈로', 'N', '아레스', 'A4', '4인실', 2, 4, 100000, 20000, 1, '가족단위 모임에 편리합니다.', '2019-01-01', 'main10.jpg', 'main4.jpg', 'main8.jpg'),
(10017, '팬션', 'N', '밀키웨이', 'A5', '6인실', 2, 8, 250000, 10000, 2, '복층형 구조로 벽난로가 설치되어있습니다.', '2019-01-01', 'main11.jpg', 'main5.jpg', 'main1.jpg'),
(10017, '자동차야영장', 'N', '아르테미스', 'A6', '6m X 11m', 2, 4, 60000, 20000, 1, '전기, 수도 모든시설이 구비되어있습니다.', '2020-01-01', 'main12.jpg', 'main6.jpg', 'main2.jpg'),
(10017, '글램핑', 'N', '비너스', 'A7', '4인실', 2, 4, 150000, 20000, 2, '감성적인 분위기에 적합합니다.', '2020-01-01', 'main13.jpg', 'main7.jpg', 'main10.jpg'),
(10018, '오토캠핑', 'N', '태양', 'A1', '4m X 6m', 2, 4, 50000, 10000, 1, '모든시설이 구비된 시설입니다.', '2019-01-01', 'main7.jpg', 'main1.jpg', 'main11.jpg'),
(10018, '글램핑', 'N', '달', 'A2', '2인실', 2, 2, 100000, 15000, 1, '사계절 아늑합니다.', '2019-01-01', 'main8.jpg', 'main2.jpg', 'main12.jpg'),
(10018, '카라반', 'N', '겔럭시', 'A3', '2인실', 2, 2, 80000, 25000, 1, '최신형으로 쾌적합니다.', '2019-01-01', 'main9.jpg', 'main3.jpg', 'main13.jpg'),
(10018, '방갈로', 'N', '아레스', 'A4', '4인실', 2, 4, 100000, 20000, 1, '가족단위 모임에 편리합니다.', '2019-01-01', 'main10.jpg', 'main4.jpg', 'main8.jpg'),
(10018, '팬션', 'N', '밀키웨이', 'A5', '6인실', 2, 8, 250000, 10000, 2, '복층형 구조로 벽난로가 설치되어있습니다.', '2019-01-01', 'main11.jpg', 'main5.jpg', 'main1.jpg'),
(10018, '자동차야영장', 'N', '아르테미스', 'A6', '6m X 11m', 2, 4, 60000, 20000, 1, '전기, 수도 모든시설이 구비되어있습니다.', '2020-01-01', 'main12.jpg', 'main6.jpg', 'main2.jpg'),
(10018, '글램핑', 'N', '비너스', 'A7', '4인실', 2, 4, 150000, 20000, 2, '감성적인 분위기에 적합합니다.', '2020-01-01', 'main13.jpg', 'main7.jpg', 'main10.jpg'),
(10019, '오토캠핑', 'N', '태양', 'A1', '4m X 6m', 2, 4, 50000, 10000, 1, '모든시설이 구비된 시설입니다.', '2019-01-01', 'main7.jpg', 'main1.jpg', 'main11.jpg'),
(10019, '글램핑', 'N', '달', 'A2', '2인실', 2, 2, 100000, 15000, 1, '사계절 아늑합니다.', '2019-01-01', 'main8.jpg', 'main2.jpg', 'main12.jpg'),
(10019, '카라반', 'N', '겔럭시', 'A3', '2인실', 2, 2, 80000, 25000, 1, '최신형으로 쾌적합니다.', '2019-01-01', 'main9.jpg', 'main3.jpg', 'main13.jpg'),
(10019, '방갈로', 'N', '아레스', 'A4', '4인실', 2, 4, 100000, 20000, 1, '가족단위 모임에 편리합니다.', '2019-01-01', 'main10.jpg', 'main4.jpg', 'main8.jpg'),
(10019, '팬션', 'N', '밀키웨이', 'A5', '6인실', 2, 8, 250000, 10000, 2, '복층형 구조로 벽난로가 설치되어있습니다.', '2019-01-01', 'main11.jpg', 'main5.jpg', 'main1.jpg'),
(10019, '자동차야영장', 'N', '아르테미스', 'A6', '6m X 11m', 2, 4, 60000, 20000, 1, '전기, 수도 모든시설이 구비되어있습니다.', '2020-01-01', 'main12.jpg', 'main6.jpg', 'main2.jpg'),
(10019, '글램핑', 'N', '비너스', 'A7', '4인실', 2, 4, 150000, 20000, 2, '감성적인 분위기에 적합합니다.', '2020-01-01', 'main13.jpg', 'main7.jpg', 'main10.jpg'),
(10020, '오토캠핑', 'N', '태양', 'A1', '4m X 6m', 2, 4, 50000, 10000, 1, '모든시설이 구비된 시설입니다.', '2019-01-01', 'main7.jpg', 'main1.jpg', 'main11.jpg'),
(10020, '글램핑', 'N', '달', 'A2', '2인실', 2, 2, 100000, 15000, 1, '사계절 아늑합니다.', '2019-01-01', 'main8.jpg', 'main2.jpg', 'main12.jpg'),
(10020, '카라반', 'N', '겔럭시', 'A3', '2인실', 2, 2, 80000, 25000, 1, '최신형으로 쾌적합니다.', '2019-01-01', 'main9.jpg', 'main3.jpg', 'main13.jpg'),
(10020, '방갈로', 'N', '아레스', 'A4', '4인실', 2, 4, 100000, 20000, 1, '가족단위 모임에 편리합니다.', '2019-01-01', 'main10.jpg', 'main4.jpg', 'main8.jpg'),
(10020, '팬션', 'N', '밀키웨이', 'A5', '6인실', 2, 8, 250000, 10000, 2, '복층형 구조로 벽난로가 설치되어있습니다.', '2019-01-01', 'main11.jpg', 'main5.jpg', 'main1.jpg'),
(10020, '자동차야영장', 'N', '아르테미스', 'A6', '6m X 11m', 2, 4, 60000, 20000, 1, '전기, 수도 모든시설이 구비되어있습니다.', '2020-01-01', 'main12.jpg', 'main6.jpg', 'main2.jpg'),
(10020, '글램핑', 'N', '비너스', 'A7', '4인실', 2, 4, 150000, 20000, 2, '감성적인 분위기에 적합합니다.', '2020-01-01', 'main13.jpg', 'main7.jpg', 'main10.jpg'),
(10021, '오토캠핑', 'N', '태양', 'A1', '4m X 6m', 2, 4, 50000, 10000, 1, '모든시설이 구비된 시설입니다.', '2019-01-01', 'main7.jpg', 'main1.jpg', 'main11.jpg'),
(10021, '글램핑', 'N', '달', 'A2', '2인실', 2, 2, 100000, 15000, 1, '사계절 아늑합니다.', '2019-01-01', 'main8.jpg', 'main2.jpg', 'main12.jpg'),
(10021, '카라반', 'N', '겔럭시', 'A3', '2인실', 2, 2, 80000, 25000, 1, '최신형으로 쾌적합니다.', '2019-01-01', 'main9.jpg', 'main3.jpg', 'main13.jpg'),
(10021, '방갈로', 'N', '아레스', 'A4', '4인실', 2, 4, 100000, 20000, 1, '가족단위 모임에 편리합니다.', '2019-01-01', 'main10.jpg', 'main4.jpg', 'main8.jpg'),
(10021, '팬션', 'N', '밀키웨이', 'A5', '6인실', 2, 8, 250000, 10000, 2, '복층형 구조로 벽난로가 설치되어있습니다.', '2019-01-01', 'main11.jpg', 'main5.jpg', 'main1.jpg'),
(10021, '자동차야영장', 'N', '아르테미스', 'A6', '6m X 11m', 2, 4, 60000, 20000, 1, '전기, 수도 모든시설이 구비되어있습니다.', '2020-01-01', 'main12.jpg', 'main6.jpg', 'main2.jpg'),
(10021, '글램핑', 'N', '비너스', 'A7', '4인실', 2, 4, 150000, 20000, 2, '감성적인 분위기에 적합합니다.', '2020-01-01', 'main13.jpg', 'main7.jpg', 'main10.jpg'),
(10022, '오토캠핑', 'N', '태양', 'A1', '4m X 6m', 2, 4, 50000, 10000, 1, '모든시설이 구비된 시설입니다.', '2019-01-01', 'main7.jpg', 'main1.jpg', 'main11.jpg'),
(10022, '글램핑', 'N', '달', 'A2', '2인실', 2, 2, 100000, 15000, 1, '사계절 아늑합니다.', '2019-01-01', 'main8.jpg', 'main2.jpg', 'main12.jpg'),
(10022, '카라반', 'N', '겔럭시', 'A3', '2인실', 2, 2, 80000, 25000, 1, '최신형으로 쾌적합니다.', '2019-01-01', 'main9.jpg', 'main3.jpg', 'main13.jpg'),
(10022, '방갈로', 'N', '아레스', 'A4', '4인실', 2, 4, 100000, 20000, 1, '가족단위 모임에 편리합니다.', '2019-01-01', 'main10.jpg', 'main4.jpg', 'main8.jpg'),
(10022, '팬션', 'N', '밀키웨이', 'A5', '6인실', 2, 8, 250000, 10000, 2, '복층형 구조로 벽난로가 설치되어있습니다.', '2019-01-01', 'main11.jpg', 'main5.jpg', 'main1.jpg'),
(10022, '자동차야영장', 'N', '아르테미스', 'A6', '6m X 11m', 2, 4, 60000, 20000, 1, '전기, 수도 모든시설이 구비되어있습니다.', '2020-01-01', 'main12.jpg', 'main6.jpg', 'main2.jpg'),
(10022, '글램핑', 'N', '비너스', 'A7', '4인실', 2, 4, 150000, 20000, 2, '감성적인 분위기에 적합합니다.', '2020-01-01', 'main13.jpg', 'main7.jpg', 'main10.jpg');


INSERT INTO SUBSITE
(camp_no, subsite_type, subsite_reg_date, subsite_name, subsite_info, subsite_img)
VALUES
(10000, '화장실', '2019-01-01', '화장실', '매시간 관리되며 청결합니다', 'toilet.jpg'),
(10000, '온수', '2019-01-01', '온수', '매시간 관리되며 청결합니다', 'shower.jpg'),
(10000, '매점', '2019-01-01', '매점', '24시간 운영합니다', 'store.jpg'),
(10000, '물놀이장', '2019-01-01', '물놀이장', '08:00~17:00 운영합니다', 'pool.jpg'),
(10000, '트램폴린', '2019-01-01', '트램폴린', '08:00~17:00 운영합니다', 'jump.jpg'),
(10000, '무선인터넷', '2020-01-01', '무선인터넷', '2.5G + 5G GiGA BIT 입니다 ', 'wifi.jpg'),
(10000, '산책로', '2020-01-01', '산책로', '피톤치드와 함께 힐링하세요', 'path.jpg'),
(10001, '화장실', '2019-01-01', '화장실', '매시간 관리되며 청결합니다', 'toilet.jpg'),
(10001, '온수', '2019-01-01', '온수', '매시간 관리되며 청결합니다', 'shower.jpg'),
(10001, '매점', '2019-01-01', '매점', '24시간 운영합니다', 'store.jpg'),
(10001, '물놀이장', '2019-01-01', '물놀이장', '08:00~17:00 운영합니다', 'pool.jpg'),
(10001, '트램폴린', '2019-01-01', '트램폴린', '08:00~17:00 운영합니다', 'jump.jpg'),
(10001, '무선인터넷', '2020-01-01', '무선인터넷', '2.5G + 5G GiGA BIT 입니다 ', 'wifi.jpg'),
(10001, '산책로', '2020-01-01', '산책로', '피톤치드와 함께 힐링하세요', 'path.jpg'),
(10002, '화장실', '2019-01-01', '화장실', '매시간 관리되며 청결합니다', 'toilet.jpg'),
(10002, '온수', '2019-01-01', '온수', '매시간 관리되며 청결합니다', 'shower.jpg'),
(10002, '매점', '2019-01-01', '매점', '24시간 운영합니다', 'store.jpg'),
(10002, '물놀이장', '2019-01-01', '물놀이장', '08:00~17:00 운영합니다', 'pool.jpg'),
(10002, '트램폴린', '2019-01-01', '트램폴린', '08:00~17:00 운영합니다', 'jump.jpg'),
(10002, '무선인터넷', '2020-01-01', '무선인터넷', '2.5G + 5G GiGA BIT 입니다 ', 'wifi.jpg'),
(10002, '산책로', '2020-01-01', '산책로', '피톤치드와 함께 힐링하세요', 'path.jpg'),
(10003, '화장실', '2019-01-01', '화장실', '매시간 관리되며 청결합니다', 'toilet.jpg'),
(10003, '온수', '2019-01-01', '온수', '매시간 관리되며 청결합니다', 'shower.jpg'),
(10003, '매점', '2019-01-01', '매점', '24시간 운영합니다', 'store.jpg'),
(10003, '물놀이장', '2019-01-01', '물놀이장', '08:00~17:00 운영합니다', 'pool.jpg'),
(10003, '트램폴린', '2019-01-01', '트램폴린', '08:00~17:00 운영합니다', 'jump.jpg'),
(10003, '무선인터넷', '2020-01-01', '무선인터넷', '2.5G + 5G GiGA BIT 입니다 ', 'wifi.jpg'),
(10003, '산책로', '2020-01-01', '산책로', '피톤치드와 함께 힐링하세요', 'path.jpg'),
(10004, '화장실', '2019-01-01', '화장실', '매시간 관리되며 청결합니다', 'toilet.jpg'),
(10004, '온수', '2019-01-01', '온수', '매시간 관리되며 청결합니다', 'shower.jpg'),
(10004, '매점', '2019-01-01', '매점', '24시간 운영합니다', 'store.jpg'),
(10004, '물놀이장', '2019-01-01', '물놀이장', '08:00~17:00 운영합니다', 'pool.jpg'),
(10004, '트램폴린', '2019-01-01', '트램폴린', '08:00~17:00 운영합니다', 'jump.jpg'),
(10004, '무선인터넷', '2020-01-01', '무선인터넷', '2.5G + 5G GiGA BIT 입니다 ', 'wifi.jpg'),
(10004, '산책로', '2020-01-01', '산책로', '피톤치드와 함께 힐링하세요', 'path.jpg'),
(10005, '화장실', '2019-01-01', '화장실', '매시간 관리되며 청결합니다', 'toilet.jpg'),
(10005, '온수', '2019-01-01', '온수', '매시간 관리되며 청결합니다', 'shower.jpg'),
(10005, '매점', '2019-01-01', '매점', '24시간 운영합니다', 'store.jpg'),
(10005, '물놀이장', '2019-01-01', '물놀이장', '08:00~17:00 운영합니다', 'pool.jpg'),
(10005, '트램폴린', '2019-01-01', '트램폴린', '08:00~17:00 운영합니다', 'jump.jpg'),
(10005, '무선인터넷', '2020-01-01', '무선인터넷', '2.5G + 5G GiGA BIT 입니다 ', 'wifi.jpg'),
(10005, '산책로', '2020-01-01', '산책로', '피톤치드와 함께 힐링하세요', 'path.jpg'),
(10006, '화장실', '2019-01-01', '화장실', '매시간 관리되며 청결합니다', 'toilet.jpg'),
(10006, '온수', '2019-01-01', '온수', '매시간 관리되며 청결합니다', 'shower.jpg'),
(10006, '매점', '2019-01-01', '매점', '24시간 운영합니다', 'store.jpg'),
(10006, '물놀이장', '2019-01-01', '물놀이장', '08:00~17:00 운영합니다', 'pool.jpg'),
(10006, '트램폴린', '2019-01-01', '트램폴린', '08:00~17:00 운영합니다', 'jump.jpg'),
(10006, '무선인터넷', '2020-01-01', '무선인터넷', '2.5G + 5G GiGA BIT 입니다 ', 'wifi.jpg'),
(10006, '산책로', '2020-01-01', '산책로', '피톤치드와 함께 힐링하세요', 'path.jpg'),
(10007, '화장실', '2019-01-01', '화장실', '매시간 관리되며 청결합니다', 'toilet.jpg'),
(10007, '온수', '2019-01-01', '온수', '매시간 관리되며 청결합니다', 'shower.jpg'),
(10007, '매점', '2019-01-01', '매점', '24시간 운영합니다', 'store.jpg'),
(10007, '물놀이장', '2019-01-01', '물놀이장', '08:00~17:00 운영합니다', 'pool.jpg'),
(10007, '트램폴린', '2019-01-01', '트램폴린', '08:00~17:00 운영합니다', 'jump.jpg'),
(10007, '무선인터넷', '2020-01-01', '무선인터넷', '2.5G + 5G GiGA BIT 입니다 ', 'wifi.jpg'),
(10007, '산책로', '2020-01-01', '산책로', '피톤치드와 함께 힐링하세요', 'path.jpg'),
(10008, '화장실', '2019-01-01', '화장실', '매시간 관리되며 청결합니다', 'toilet.jpg'),
(10008, '온수', '2019-01-01', '온수', '매시간 관리되며 청결합니다', 'shower.jpg'),
(10008, '매점', '2019-01-01', '매점', '24시간 운영합니다', 'store.jpg'),
(10008, '물놀이장', '2019-01-01', '물놀이장', '08:00~17:00 운영합니다', 'pool.jpg'),
(10008, '트램폴린', '2019-01-01', '트램폴린', '08:00~17:00 운영합니다', 'jump.jpg'),
(10008, '무선인터넷', '2020-01-01', '무선인터넷', '2.5G + 5G GiGA BIT 입니다 ', 'wifi.jpg'),
(10008, '산책로', '2020-01-01', '산책로', '피톤치드와 함께 힐링하세요', 'path.jpg'),
(10009, '화장실', '2019-01-01', '화장실', '매시간 관리되며 청결합니다', 'toilet.jpg'),
(10009, '온수', '2019-01-01', '온수', '매시간 관리되며 청결합니다', 'shower.jpg'),
(10009, '매점', '2019-01-01', '매점', '24시간 운영합니다', 'store.jpg'),
(10009, '물놀이장', '2019-01-01', '물놀이장', '08:00~17:00 운영합니다', 'pool.jpg'),
(10009, '트램폴린', '2019-01-01', '트램폴린', '08:00~17:00 운영합니다', 'jump.jpg'),
(10009, '무선인터넷', '2020-01-01', '무선인터넷', '2.5G + 5G GiGA BIT 입니다 ', 'wifi.jpg'),
(10009, '산책로', '2020-01-01', '산책로', '피톤치드와 함께 힐링하세요', 'path.jpg'),
(10010, '화장실', '2019-01-01', '화장실', '매시간 관리되며 청결합니다', 'toilet.jpg'),
(10010, '온수', '2019-01-01', '온수', '매시간 관리되며 청결합니다', 'shower.jpg'),
(10010, '매점', '2019-01-01', '매점', '24시간 운영합니다', 'store.jpg'),
(10010, '물놀이장', '2019-01-01', '물놀이장', '08:00~17:00 운영합니다', 'pool.jpg'),
(10010, '트램폴린', '2019-01-01', '트램폴린', '08:00~17:00 운영합니다', 'jump.jpg'),
(10010, '무선인터넷', '2020-01-01', '무선인터넷', '2.5G + 5G GiGA BIT 입니다 ', 'wifi.jpg'),
(10010, '산책로', '2020-01-01', '산책로', '피톤치드와 함께 힐링하세요', 'path.jpg'),
(10011, '화장실', '2019-01-01', '화장실', '매시간 관리되며 청결합니다', 'toilet.jpg'),
(10011, '온수', '2019-01-01', '온수', '매시간 관리되며 청결합니다', 'shower.jpg'),
(10011, '매점', '2019-01-01', '매점', '24시간 운영합니다', 'store.jpg'),
(10011, '물놀이장', '2019-01-01', '물놀이장', '08:00~17:00 운영합니다', 'pool.jpg'),
(10011, '트램폴린', '2019-01-01', '트램폴린', '08:00~17:00 운영합니다', 'jump.jpg'),
(10011, '무선인터넷', '2020-01-01', '무선인터넷', '2.5G + 5G GiGA BIT 입니다 ', 'wifi.jpg'),
(10011, '산책로', '2020-01-01', '산책로', '피톤치드와 함께 힐링하세요', 'path.jpg'),
(10012, '화장실', '2019-01-01', '화장실', '매시간 관리되며 청결합니다', 'toilet.jpg'),
(10012, '온수', '2019-01-01', '온수', '매시간 관리되며 청결합니다', 'shower.jpg'),
(10012, '매점', '2019-01-01', '매점', '24시간 운영합니다', 'store.jpg'),
(10012, '물놀이장', '2019-01-01', '물놀이장', '08:00~17:00 운영합니다', 'pool.jpg'),
(10012, '트램폴린', '2019-01-01', '트램폴린', '08:00~17:00 운영합니다', 'jump.jpg'),
(10012, '무선인터넷', '2020-01-01', '무선인터넷', '2.5G + 5G GiGA BIT 입니다 ', 'wifi.jpg'),
(10012, '산책로', '2020-01-01', '산책로', '피톤치드와 함께 힐링하세요', 'path.jpg'),
(10013, '화장실', '2019-01-01', '화장실', '매시간 관리되며 청결합니다', 'toilet.jpg'),
(10013, '온수', '2019-01-01', '온수', '매시간 관리되며 청결합니다', 'shower.jpg'),
(10013, '매점', '2019-01-01', '매점', '24시간 운영합니다', 'store.jpg'),
(10013, '물놀이장', '2019-01-01', '물놀이장', '08:00~17:00 운영합니다', 'pool.jpg'),
(10013, '트램폴린', '2019-01-01', '트램폴린', '08:00~17:00 운영합니다', 'jump.jpg'),
(10013, '무선인터넷', '2020-01-01', '무선인터넷', '2.5G + 5G GiGA BIT 입니다 ', 'wifi.jpg'),
(10013, '산책로', '2020-01-01', '산책로', '피톤치드와 함께 힐링하세요', 'path.jpg'),
(10014, '화장실', '2019-01-01', '화장실', '매시간 관리되며 청결합니다', 'toilet.jpg'),
(10014, '온수', '2019-01-01', '온수', '매시간 관리되며 청결합니다', 'shower.jpg'),
(10014, '매점', '2019-01-01', '매점', '24시간 운영합니다', 'store.jpg'),
(10014, '물놀이장', '2019-01-01', '물놀이장', '08:00~17:00 운영합니다', 'pool.jpg'),
(10014, '트램폴린', '2019-01-01', '트램폴린', '08:00~17:00 운영합니다', 'jump.jpg'),
(10014, '무선인터넷', '2020-01-01', '무선인터넷', '2.5G + 5G GiGA BIT 입니다 ', 'wifi.jpg'),
(10014, '산책로', '2020-01-01', '산책로', '피톤치드와 함께 힐링하세요', 'path.jpg'),
(10015, '화장실', '2019-01-01', '화장실', '매시간 관리되며 청결합니다', 'toilet.jpg'),
(10015, '온수', '2019-01-01', '온수', '매시간 관리되며 청결합니다', 'shower.jpg'),
(10015, '매점', '2019-01-01', '매점', '24시간 운영합니다', 'store.jpg'),
(10015, '물놀이장', '2019-01-01', '물놀이장', '08:00~17:00 운영합니다', 'pool.jpg'),
(10015, '트램폴린', '2019-01-01', '트램폴린', '08:00~17:00 운영합니다', 'jump.jpg'),
(10015, '무선인터넷', '2020-01-01', '무선인터넷', '2.5G + 5G GiGA BIT 입니다 ', 'wifi.jpg'),
(10015, '산책로', '2020-01-01', '산책로', '피톤치드와 함께 힐링하세요', 'path.jpg'),
(10016, '화장실', '2019-01-01', '화장실', '매시간 관리되며 청결합니다', 'toilet.jpg'),
(10016, '온수', '2019-01-01', '온수', '매시간 관리되며 청결합니다', 'shower.jpg'),
(10016, '매점', '2019-01-01', '매점', '24시간 운영합니다', 'store.jpg'),
(10016, '물놀이장', '2019-01-01', '물놀이장', '08:00~17:00 운영합니다', 'pool.jpg'),
(10016, '트램폴린', '2019-01-01', '트램폴린', '08:00~17:00 운영합니다', 'jump.jpg'),
(10016, '무선인터넷', '2020-01-01', '무선인터넷', '2.5G + 5G GiGA BIT 입니다 ', 'wifi.jpg'),
(10016, '산책로', '2020-01-01', '산책로', '피톤치드와 함께 힐링하세요', 'path.jpg'),
(10017, '화장실', '2019-01-01', '화장실', '매시간 관리되며 청결합니다', 'toilet.jpg'),
(10017, '온수', '2019-01-01', '온수', '매시간 관리되며 청결합니다', 'shower.jpg'),
(10017, '매점', '2019-01-01', '매점', '24시간 운영합니다', 'store.jpg'),
(10017, '물놀이장', '2019-01-01', '물놀이장', '08:00~17:00 운영합니다', 'pool.jpg'),
(10017, '트램폴린', '2019-01-01', '트램폴린', '08:00~17:00 운영합니다', 'jump.jpg'),
(10017, '무선인터넷', '2020-01-01', '무선인터넷', '2.5G + 5G GiGA BIT 입니다 ', 'wifi.jpg'),
(10017, '산책로', '2020-01-01', '산책로', '피톤치드와 함께 힐링하세요', 'path.jpg'),
(10018, '화장실', '2019-01-01', '화장실', '매시간 관리되며 청결합니다', 'toilet.jpg'),
(10018, '온수', '2019-01-01', '온수', '매시간 관리되며 청결합니다', 'shower.jpg'),
(10018, '매점', '2019-01-01', '매점', '24시간 운영합니다', 'store.jpg'),
(10018, '물놀이장', '2019-01-01', '물놀이장', '08:00~17:00 운영합니다', 'pool.jpg'),
(10018, '트램폴린', '2019-01-01', '트램폴린', '08:00~17:00 운영합니다', 'jump.jpg'),
(10018, '무선인터넷', '2020-01-01', '무선인터넷', '2.5G + 5G GiGA BIT 입니다 ', 'wifi.jpg'),
(10018, '산책로', '2020-01-01', '산책로', '피톤치드와 함께 힐링하세요', 'path.jpg'),
(10019, '화장실', '2019-01-01', '화장실', '매시간 관리되며 청결합니다', 'toilet.jpg'),
(10019, '온수', '2019-01-01', '온수', '매시간 관리되며 청결합니다', 'shower.jpg'),
(10019, '매점', '2019-01-01', '매점', '24시간 운영합니다', 'store.jpg'),
(10019, '물놀이장', '2019-01-01', '물놀이장', '08:00~17:00 운영합니다', 'pool.jpg'),
(10019, '트램폴린', '2019-01-01', '트램폴린', '08:00~17:00 운영합니다', 'jump.jpg'),
(10019, '무선인터넷', '2020-01-01', '무선인터넷', '2.5G + 5G GiGA BIT 입니다 ', 'wifi.jpg'),
(10019, '산책로', '2020-01-01', '산책로', '피톤치드와 함께 힐링하세요', 'path.jpg'),
(10020, '화장실', '2019-01-01', '화장실', '매시간 관리되며 청결합니다', 'toilet.jpg'),
(10020, '온수', '2019-01-01', '온수', '매시간 관리되며 청결합니다', 'shower.jpg'),
(10020, '매점', '2019-01-01', '매점', '24시간 운영합니다', 'store.jpg'),
(10020, '물놀이장', '2019-01-01', '물놀이장', '08:00~17:00 운영합니다', 'pool.jpg'),
(10020, '트램폴린', '2019-01-01', '트램폴린', '08:00~17:00 운영합니다', 'jump.jpg'),
(10020, '무선인터넷', '2020-01-01', '무선인터넷', '2.5G + 5G GiGA BIT 입니다 ', 'wifi.jpg'),
(10020, '산책로', '2020-01-01', '산책로', '피톤치드와 함께 힐링하세요', 'path.jpg'),
(10021, '화장실', '2019-01-01', '화장실', '매시간 관리되며 청결합니다', 'toilet.jpg'),
(10021, '온수', '2019-01-01', '온수', '매시간 관리되며 청결합니다', 'shower.jpg'),
(10021, '매점', '2019-01-01', '매점', '24시간 운영합니다', 'store.jpg'),
(10021, '물놀이장', '2019-01-01', '물놀이장', '08:00~17:00 운영합니다', 'pool.jpg'),
(10021, '트램폴린', '2019-01-01', '트램폴린', '08:00~17:00 운영합니다', 'jump.jpg'),
(10021, '무선인터넷', '2020-01-01', '무선인터넷', '2.5G + 5G GiGA BIT 입니다 ', 'wifi.jpg'),
(10021, '산책로', '2020-01-01', '산책로', '피톤치드와 함께 힐링하세요', 'path.jpg'),
(10022, '화장실', '2019-01-01', '화장실', '매시간 관리되며 청결합니다', 'toilet.jpg'),
(10022, '온수', '2019-01-01', '온수', '매시간 관리되며 청결합니다', 'shower.jpg'),
(10022, '매점', '2019-01-01', '매점', '24시간 운영합니다', 'store.jpg'),
(10022, '물놀이장', '2019-01-01', '물놀이장', '08:00~17:00 운영합니다', 'pool.jpg'),
(10022, '트램폴린', '2019-01-01', '트램폴린', '08:00~17:00 운영합니다', 'jump.jpg'),
(10022, '무선인터넷', '2020-01-01', '무선인터넷', '2.5G + 5G GiGA BIT 입니다 ', 'wifi.jpg'),
(10022, '산책로', '2020-01-01', '산책로', '피톤치드와 함께 힐링하세요', 'path.jpg');


INSERT INTO NOTICE
(camp_no, user_id, camp_name, notice_title, notice_content )
VALUES 
(10000, 'camp01@gamsung.site', '초안산캠핑장', '운영시간', '연중무휴 24시간 운영입니다'),
(10000, 'camp01@gamsung.site', '초안산캠핑장', '연락처', '010-4123-7456 으로 연락주세요. 08:00~22:00 까지 가능합니다'),
(10000, 'camp01@gamsung.site', '초안산캠핑장', '매점 이용시간', '08:00~23:00 까지 가능합니다'),
(10000, 'camp01@gamsung.site', '초안산캠핑장', '물놀이 이용시간', '08:00~17:00 까지 가능합니다'),
(10000, 'camp01@gamsung.site', '초안산캠핑장', '트렘폴린 이용시간', '08:00~17:00 까지 가능합니다'),
(10000, 'camp01@gamsung.site', '초안산캠핑장', '숯불바베큐 준비안내', '1시간 미리 연락주시면 준비가능합니다. 최고급재료로 식사에필요한 모든물품을 준비해드립니다.'),
(10000, 'camp01@gamsung.site', '초안산캠핑장', '화장실/샤워실', '동절기 (11월 1일 ~ 3월 31일) 까지는 동파방지를 위하여 22:00 이후 사용이 제한 될 수 있으니 문의 부탁드립니다.'),
(10001, 'camp02@gamsung.site', '무수아취', '운영시간', '연중무휴 24시간 운영입니다'),
(10001, 'camp02@gamsung.site', '무수아취', '연락처', '010-4123-7456 으로 연락주세요. 08:00~22:00 까지 가능합니다'),
(10001, 'camp02@gamsung.site', '무수아취', '매점 이용시간', '08:00~23:00 까지 가능합니다'),
(10001, 'camp02@gamsung.site', '무수아취', '물놀이 이용시간', '08:00~17:00 까지 가능합니다'),
(10001, 'camp02@gamsung.site', '무수아취', '트렘폴린 이용시간', '08:00~17:00 까지 가능합니다'),
(10001, 'camp02@gamsung.site', '무수아취', '숯불바베큐 준비안내', '1시간 미리 연락주시면 준비가능합니다. 최고급재료로 식사에필요한 모든물품을 준비해드립니다.'),
(10001, 'camp02@gamsung.site', '무수아취', '화장실/샤워실', '동절기 (11월 1일 ~ 3월 31일) 까지는 동파방지를 위하여 22:00 이후 사용이 제한 될 수 있으니 문의 부탁드립니다.'),
(10002, 'camp03@gamsung.site', '우이동 가족캠핑장', '운영시간', '연중무휴 24시간 운영입니다'),
(10002, 'camp03@gamsung.site', '우이동 가족캠핑장', '연락처', '010-4123-7456 으로 연락주세요. 08:00~22:00 까지 가능합니다'),
(10002, 'camp03@gamsung.site', '우이동 가족캠핑장', '매점 이용시간', '08:00~23:00 까지 가능합니다'),
(10002, 'camp03@gamsung.site', '우이동 가족캠핑장', '물놀이 이용시간', '08:00~17:00 까지 가능합니다'),
(10002, 'camp03@gamsung.site', '우이동 가족캠핑장', '트렘폴린 이용시간', '08:00~17:00 까지 가능합니다'),
(10002, 'camp03@gamsung.site', '우이동 가족캠핑장', '숯불바베큐 준비안내', '1시간 미리 연락주시면 준비가능합니다. 최고급재료로 식사에필요한 모든물품을 준비해드립니다.'),
(10002, 'camp03@gamsung.site', '우이동 가족캠핑장', '화장실/샤워실', '동절기 (11월 1일 ~ 3월 31일) 까지는 동파방지를 위하여 22:00 이후 사용이 제한 될 수 있으니 문의 부탁드립니다.'),
(10003, 'camp04@gamsung.site', '달콤한 캠핑장 ', '운영시간', '연중무휴 24시간 운영입니다'),
(10003, 'camp04@gamsung.site', '달콤한 캠핑장 ', '연락처', '010-4123-7456 으로 연락주세요. 08:00~22:00 까지 가능합니다'),
(10003, 'camp04@gamsung.site', '달콤한 캠핑장 ', '매점 이용시간', '08:00~23:00 까지 가능합니다'),
(10003, 'camp04@gamsung.site', '달콤한 캠핑장 ', '물놀이 이용시간', '08:00~17:00 까지 가능합니다'),
(10003, 'camp04@gamsung.site', '달콤한 캠핑장 ', '트렘폴린 이용시간', '08:00~17:00 까지 가능합니다'),
(10003, 'camp04@gamsung.site', '달콤한 캠핑장 ', '숯불바베큐 준비안내', '1시간 미리 연락주시면 준비가능합니다. 최고급재료로 식사에필요한 모든물품을 준비해드립니다.'),
(10003, 'camp04@gamsung.site', '달콤한 캠핑장 ', '화장실/샤워실', '동절기 (11월 1일 ~ 3월 31일) 까지는 동파방지를 위하여 22:00 이후 사용이 제한 될 수 있으니 문의 부탁드립니다.'),
(10004, 'camp05@gamsung.site', '미산분교 캠핑장 ', '운영시간', '연중무휴 24시간 운영입니다'),
(10004, 'camp05@gamsung.site', '미산분교 캠핑장 ', '연락처', '010-4123-7456 으로 연락주세요. 08:00~22:00 까지 가능합니다'),
(10004, 'camp05@gamsung.site', '미산분교 캠핑장 ', '매점 이용시간', '08:00~23:00 까지 가능합니다'),
(10004, 'camp05@gamsung.site', '미산분교 캠핑장 ', '물놀이 이용시간', '08:00~17:00 까지 가능합니다'),
(10004, 'camp05@gamsung.site', '미산분교 캠핑장 ', '트렘폴린 이용시간', '08:00~17:00 까지 가능합니다'),
(10004, 'camp05@gamsung.site', '미산분교 캠핑장 ', '숯불바베큐 준비안내', '1시간 미리 연락주시면 준비가능합니다. 최고급재료로 식사에필요한 모든물품을 준비해드립니다.'),
(10004, 'camp05@gamsung.site', '미산분교 캠핑장 ', '화장실/샤워실', '동절기 (11월 1일 ~ 3월 31일) 까지는 동파방지를 위하여 22:00 이후 사용이 제한 될 수 있으니 문의 부탁드립니다.'),
(10005, 'camp06@gamsung.site', '러빙네이쳐', '운영시간', '연중무휴 24시간 운영입니다'),
(10005, 'camp06@gamsung.site', '러빙네이쳐', '연락처', '010-4123-7456 으로 연락주세요. 08:00~22:00 까지 가능합니다'),
(10005, 'camp06@gamsung.site', '러빙네이쳐', '매점 이용시간', '08:00~23:00 까지 가능합니다'),
(10005, 'camp06@gamsung.site', '러빙네이쳐', '물놀이 이용시간', '08:00~17:00 까지 가능합니다'),
(10005, 'camp06@gamsung.site', '러빙네이쳐', '트렘폴린 이용시간', '08:00~17:00 까지 가능합니다'),
(10005, 'camp06@gamsung.site', '러빙네이쳐', '숯불바베큐 준비안내', '1시간 미리 연락주시면 준비가능합니다. 최고급재료로 식사에필요한 모든물품을 준비해드립니다.'),
(10005, 'camp06@gamsung.site', '러빙네이쳐', '화장실/샤워실', '동절기 (11월 1일 ~ 3월 31일) 까지는 동파방지를 위하여 22:00 이후 사용이 제한 될 수 있으니 문의 부탁드립니다.'),
(10006, 'camp07@gamsung.site', '청도글램핑 ', '운영시간', '연중무휴 24시간 운영입니다'),
(10006, 'camp07@gamsung.site', '청도글램핑 ', '연락처', '010-4123-7456 으로 연락주세요. 08:00~22:00 까지 가능합니다'),
(10006, 'camp07@gamsung.site', '청도글램핑 ', '매점 이용시간', '08:00~23:00 까지 가능합니다'),
(10006, 'camp07@gamsung.site', '청도글램핑 ', '물놀이 이용시간', '08:00~17:00 까지 가능합니다'),
(10006, 'camp07@gamsung.site', '청도글램핑 ', '트렘폴린 이용시간', '08:00~17:00 까지 가능합니다'),
(10006, 'camp07@gamsung.site', '청도글램핑 ', '숯불바베큐 준비안내', '1시간 미리 연락주시면 준비가능합니다. 최고급재료로 식사에필요한 모든물품을 준비해드립니다.'),
(10006, 'camp07@gamsung.site', '청도글램핑 ', '화장실/샤워실', '동절기 (11월 1일 ~ 3월 31일) 까지는 동파방지를 위하여 22:00 이후 사용이 제한 될 수 있으니 문의 부탁드립니다.'),
(10007, 'camp08@gamsung.site', '청도프로방스 카라반캠핑카펜션', '운영시간', '연중무휴 24시간 운영입니다'),
(10007, 'camp08@gamsung.site', '청도프로방스 카라반캠핑카펜션', '연락처', '010-4123-7456 으로 연락주세요. 08:00~22:00 까지 가능합니다'),
(10007, 'camp08@gamsung.site', '청도프로방스 카라반캠핑카펜션', '매점 이용시간', '08:00~23:00 까지 가능합니다'),
(10007, 'camp08@gamsung.site', '청도프로방스 카라반캠핑카펜션', '물놀이 이용시간', '08:00~17:00 까지 가능합니다'),
(10007, 'camp08@gamsung.site', '청도프로방스 카라반캠핑카펜션', '트렘폴린 이용시간', '08:00~17:00 까지 가능합니다'),
(10007, 'camp08@gamsung.site', '청도프로방스 카라반캠핑카펜션', '숯불바베큐 준비안내', '1시간 미리 연락주시면 준비가능합니다. 최고급재료로 식사에필요한 모든물품을 준비해드립니다.'),
(10007, 'camp08@gamsung.site', '청도프로방스 카라반캠핑카펜션', '화장실/샤워실', '동절기 (11월 1일 ~ 3월 31일) 까지는 동파방지를 위하여 22:00 이후 사용이 제한 될 수 있으니 문의 부탁드립니다.'),
(10008, 'camp09@gamsung.site', '바람숲야영장', '운영시간', '연중무휴 24시간 운영입니다'),
(10008, 'camp09@gamsung.site', '바람숲야영장', '연락처', '010-4123-7456 으로 연락주세요. 08:00~22:00 까지 가능합니다'),
(10008, 'camp09@gamsung.site', '바람숲야영장', '매점 이용시간', '08:00~23:00 까지 가능합니다'),
(10008, 'camp09@gamsung.site', '바람숲야영장', '물놀이 이용시간', '08:00~17:00 까지 가능합니다'),
(10008, 'camp09@gamsung.site', '바람숲야영장', '트렘폴린 이용시간', '08:00~17:00 까지 가능합니다'),
(10008, 'camp09@gamsung.site', '바람숲야영장', '숯불바베큐 준비안내', '1시간 미리 연락주시면 준비가능합니다. 최고급재료로 식사에필요한 모든물품을 준비해드립니다.'),
(10008, 'camp09@gamsung.site', '바람숲야영장', '화장실/샤워실', '동절기 (11월 1일 ~ 3월 31일) 까지는 동파방지를 위하여 22:00 이후 사용이 제한 될 수 있으니 문의 부탁드립니다.'),
(10009, 'camp10@gamsung.site', '대기농촌체험휴양마을 ', '운영시간', '연중무휴 24시간 운영입니다'),
(10009, 'camp10@gamsung.site', '대기농촌체험휴양마을 ', '연락처', '010-4123-7456 으로 연락주세요. 08:00~22:00 까지 가능합니다'),
(10009, 'camp10@gamsung.site', '대기농촌체험휴양마을 ', '매점 이용시간', '08:00~23:00 까지 가능합니다'),
(10009, 'camp10@gamsung.site', '대기농촌체험휴양마을 ', '물놀이 이용시간', '08:00~17:00 까지 가능합니다'),
(10009, 'camp10@gamsung.site', '대기농촌체험휴양마을 ', '트렘폴린 이용시간', '08:00~17:00 까지 가능합니다'),
(10009, 'camp10@gamsung.site', '대기농촌체험휴양마을 ', '숯불바베큐 준비안내', '1시간 미리 연락주시면 준비가능합니다. 최고급재료로 식사에필요한 모든물품을 준비해드립니다.'),
(10009, 'camp10@gamsung.site', '대기농촌체험휴양마을 ', '화장실/샤워실', '동절기 (11월 1일 ~ 3월 31일) 까지는 동파방지를 위하여 22:00 이후 사용이 제한 될 수 있으니 문의 부탁드립니다.'),
(10010, 'camp11@gamsung.site', '천하장사골야영장 ', '운영시간', '연중무휴 24시간 운영입니다'),
(10010, 'camp11@gamsung.site', '천하장사골야영장 ', '연락처', '010-4123-7456 으로 연락주세요. 08:00~22:00 까지 가능합니다'),
(10010, 'camp11@gamsung.site', '천하장사골야영장 ', '매점 이용시간', '08:00~23:00 까지 가능합니다'),
(10010, 'camp11@gamsung.site', '천하장사골야영장 ', '물놀이 이용시간', '08:00~17:00 까지 가능합니다'),
(10010, 'camp11@gamsung.site', '천하장사골야영장 ', '트렘폴린 이용시간', '08:00~17:00 까지 가능합니다'),
(10010, 'camp11@gamsung.site', '천하장사골야영장 ', '숯불바베큐 준비안내', '1시간 미리 연락주시면 준비가능합니다. 최고급재료로 식사에필요한 모든물품을 준비해드립니다.'),
(10010, 'camp11@gamsung.site', '천하장사골야영장 ', '화장실/샤워실', '동절기 (11월 1일 ~ 3월 31일) 까지는 동파방지를 위하여 22:00 이후 사용이 제한 될 수 있으니 문의 부탁드립니다.'),
(10011, 'camp12@gamsung.site', '한별 도그파크', '운영시간', '연중무휴 24시간 운영입니다'),
(10011, 'camp12@gamsung.site', '한별 도그파크', '연락처', '010-4123-7456 으로 연락주세요. 08:00~22:00 까지 가능합니다'),
(10011, 'camp12@gamsung.site', '한별 도그파크', '매점 이용시간', '08:00~23:00 까지 가능합니다'),
(10011, 'camp12@gamsung.site', '한별 도그파크', '물놀이 이용시간', '08:00~17:00 까지 가능합니다'),
(10011, 'camp12@gamsung.site', '한별 도그파크', '트렘폴린 이용시간', '08:00~17:00 까지 가능합니다'),
(10011, 'camp12@gamsung.site', '한별 도그파크', '숯불바베큐 준비안내', '1시간 미리 연락주시면 준비가능합니다. 최고급재료로 식사에필요한 모든물품을 준비해드립니다.'),
(10011, 'camp12@gamsung.site', '한별 도그파크', '화장실/샤워실', '동절기 (11월 1일 ~ 3월 31일) 까지는 동파방지를 위하여 22:00 이후 사용이 제한 될 수 있으니 문의 부탁드립니다.'),
(10012, 'camp13@gamsung.site', '숲내음카라반캠핑장', '운영시간', '연중무휴 24시간 운영입니다'),
(10012, 'camp13@gamsung.site', '숲내음카라반캠핑장', '연락처', '010-4123-7456 으로 연락주세요. 08:00~22:00 까지 가능합니다'),
(10012, 'camp13@gamsung.site', '숲내음카라반캠핑장', '매점 이용시간', '08:00~23:00 까지 가능합니다'),
(10012, 'camp13@gamsung.site', '숲내음카라반캠핑장', '물놀이 이용시간', '08:00~17:00 까지 가능합니다'),
(10012, 'camp13@gamsung.site', '숲내음카라반캠핑장', '트렘폴린 이용시간', '08:00~17:00 까지 가능합니다'),
(10012, 'camp13@gamsung.site', '숲내음카라반캠핑장', '숯불바베큐 준비안내', '1시간 미리 연락주시면 준비가능합니다. 최고급재료로 식사에필요한 모든물품을 준비해드립니다.'),
(10012, 'camp13@gamsung.site', '숲내음카라반캠핑장', '화장실/샤워실', '동절기 (11월 1일 ~ 3월 31일) 까지는 동파방지를 위하여 22:00 이후 사용이 제한 될 수 있으니 문의 부탁드립니다.'),
(10013, 'camp14@gamsung.site', '완주소양캠핑장 ', '운영시간', '연중무휴 24시간 운영입니다'),
(10013, 'camp14@gamsung.site', '완주소양캠핑장 ', '연락처', '010-4123-7456 으로 연락주세요. 08:00~22:00 까지 가능합니다'),
(10013, 'camp14@gamsung.site', '완주소양캠핑장 ', '매점 이용시간', '08:00~23:00 까지 가능합니다'),
(10013, 'camp14@gamsung.site', '완주소양캠핑장 ', '물놀이 이용시간', '08:00~17:00 까지 가능합니다'),
(10013, 'camp14@gamsung.site', '완주소양캠핑장 ', '트렘폴린 이용시간', '08:00~17:00 까지 가능합니다'),
(10013, 'camp14@gamsung.site', '완주소양캠핑장 ', '숯불바베큐 준비안내', '1시간 미리 연락주시면 준비가능합니다. 최고급재료로 식사에필요한 모든물품을 준비해드립니다.'),
(10013, 'camp14@gamsung.site', '완주소양캠핑장 ', '화장실/샤워실', '동절기 (11월 1일 ~ 3월 31일) 까지는 동파방지를 위하여 22:00 이후 사용이 제한 될 수 있으니 문의 부탁드립니다.'),
(10014, 'camp15@gamsung.site', '방길낚시캠핑장', '운영시간', '연중무휴 24시간 운영입니다'),
(10014, 'camp15@gamsung.site', '방길낚시캠핑장', '연락처', '010-4123-7456 으로 연락주세요. 08:00~22:00 까지 가능합니다'),
(10014, 'camp15@gamsung.site', '방길낚시캠핑장', '매점 이용시간', '08:00~23:00 까지 가능합니다'),
(10014, 'camp15@gamsung.site', '방길낚시캠핑장', '물놀이 이용시간', '08:00~17:00 까지 가능합니다'),
(10014, 'camp15@gamsung.site', '방길낚시캠핑장', '트렘폴린 이용시간', '08:00~17:00 까지 가능합니다'),
(10014, 'camp15@gamsung.site', '방길낚시캠핑장', '숯불바베큐 준비안내', '1시간 미리 연락주시면 준비가능합니다. 최고급재료로 식사에필요한 모든물품을 준비해드립니다.'),
(10014, 'camp15@gamsung.site', '방길낚시캠핑장', '화장실/샤워실', '동절기 (11월 1일 ~ 3월 31일) 까지는 동파방지를 위하여 22:00 이후 사용이 제한 될 수 있으니 문의 부탁드립니다.'),
(10015, 'camp16@gamsung.site', '라온 글램핑 ', '운영시간', '연중무휴 24시간 운영입니다'),
(10015, 'camp16@gamsung.site', '라온 글램핑 ', '연락처', '010-4123-7456 으로 연락주세요. 08:00~22:00 까지 가능합니다'),
(10015, 'camp16@gamsung.site', '라온 글램핑 ', '매점 이용시간', '08:00~23:00 까지 가능합니다'),
(10015, 'camp16@gamsung.site', '라온 글램핑 ', '물놀이 이용시간', '08:00~17:00 까지 가능합니다'),
(10015, 'camp16@gamsung.site', '라온 글램핑 ', '트렘폴린 이용시간', '08:00~17:00 까지 가능합니다'),
(10015, 'camp16@gamsung.site', '라온 글램핑 ', '숯불바베큐 준비안내', '1시간 미리 연락주시면 준비가능합니다. 최고급재료로 식사에필요한 모든물품을 준비해드립니다.'),
(10015, 'camp16@gamsung.site', '라온 글램핑 ', '화장실/샤워실', '동절기 (11월 1일 ~ 3월 31일) 까지는 동파방지를 위하여 22:00 이후 사용이 제한 될 수 있으니 문의 부탁드립니다.'),
(10016, 'camp17@gamsung.site', '광산구 국민여가 친환경 오토캠핑장', '운영시간', '연중무휴 24시간 운영입니다'),
(10016, 'camp17@gamsung.site', '광산구 국민여가 친환경 오토캠핑장', '연락처', '010-4123-7456 으로 연락주세요. 08:00~22:00 까지 가능합니다'),
(10016, 'camp17@gamsung.site', '광산구 국민여가 친환경 오토캠핑장', '매점 이용시간', '08:00~23:00 까지 가능합니다'),
(10016, 'camp17@gamsung.site', '광산구 국민여가 친환경 오토캠핑장', '물놀이 이용시간', '08:00~17:00 까지 가능합니다'),
(10016, 'camp17@gamsung.site', '광산구 국민여가 친환경 오토캠핑장', '트렘폴린 이용시간', '08:00~17:00 까지 가능합니다'),
(10016, 'camp17@gamsung.site', '광산구 국민여가 친환경 오토캠핑장', '숯불바베큐 준비안내', '1시간 미리 연락주시면 준비가능합니다. 최고급재료로 식사에필요한 모든물품을 준비해드립니다.'),
(10016, 'camp17@gamsung.site', '광산구 국민여가 친환경 오토캠핑장', '화장실/샤워실', '동절기 (11월 1일 ~ 3월 31일) 까지는 동파방지를 위하여 22:00 이후 사용이 제한 될 수 있으니 문의 부탁드립니다.'),
(10017, 'camp18@gamsung.site', '슬로우위켄드', '운영시간', '연중무휴 24시간 운영입니다'),
(10017, 'camp18@gamsung.site', '슬로우위켄드', '연락처', '010-4123-7456 으로 연락주세요. 08:00~22:00 까지 가능합니다'),
(10017, 'camp18@gamsung.site', '슬로우위켄드', '매점 이용시간', '08:00~23:00 까지 가능합니다'),
(10017, 'camp18@gamsung.site', '슬로우위켄드', '물놀이 이용시간', '08:00~17:00 까지 가능합니다'),
(10017, 'camp18@gamsung.site', '슬로우위켄드', '트렘폴린 이용시간', '08:00~17:00 까지 가능합니다'),
(10017, 'camp18@gamsung.site', '슬로우위켄드', '숯불바베큐 준비안내', '1시간 미리 연락주시면 준비가능합니다. 최고급재료로 식사에필요한 모든물품을 준비해드립니다.'),
(10017, 'camp18@gamsung.site', '슬로우위켄드', '화장실/샤워실', '동절기 (11월 1일 ~ 3월 31일) 까지는 동파방지를 위하여 22:00 이후 사용이 제한 될 수 있으니 문의 부탁드립니다.'),
(10018, 'camp19@gamsung.site', '도레미 캠핑장 ', '운영시간', '연중무휴 24시간 운영입니다'),
(10018, 'camp19@gamsung.site', '도레미 캠핑장 ', '연락처', '010-4123-7456 으로 연락주세요. 08:00~22:00 까지 가능합니다'),
(10018, 'camp19@gamsung.site', '도레미 캠핑장 ', '매점 이용시간', '08:00~23:00 까지 가능합니다'),
(10018, 'camp19@gamsung.site', '도레미 캠핑장 ', '물놀이 이용시간', '08:00~17:00 까지 가능합니다'),
(10018, 'camp19@gamsung.site', '도레미 캠핑장 ', '트렘폴린 이용시간', '08:00~17:00 까지 가능합니다'),
(10018, 'camp19@gamsung.site', '도레미 캠핑장 ', '숯불바베큐 준비안내', '1시간 미리 연락주시면 준비가능합니다. 최고급재료로 식사에필요한 모든물품을 준비해드립니다.'),
(10018, 'camp19@gamsung.site', '도레미 캠핑장 ', '화장실/샤워실', '동절기 (11월 1일 ~ 3월 31일) 까지는 동파방지를 위하여 22:00 이후 사용이 제한 될 수 있으니 문의 부탁드립니다.'),
(10019, 'camp20@gamsung.site', '파이브스톤즈가든', '운영시간', '연중무휴 24시간 운영입니다'),
(10019, 'camp20@gamsung.site', '파이브스톤즈가든', '연락처', '010-4123-7456 으로 연락주세요. 08:00~22:00 까지 가능합니다'),
(10019, 'camp20@gamsung.site', '파이브스톤즈가든', '매점 이용시간', '08:00~23:00 까지 가능합니다'),
(10019, 'camp20@gamsung.site', '파이브스톤즈가든', '물놀이 이용시간', '08:00~17:00 까지 가능합니다'),
(10019, 'camp20@gamsung.site', '파이브스톤즈가든', '트렘폴린 이용시간', '08:00~17:00 까지 가능합니다'),
(10019, 'camp20@gamsung.site', '파이브스톤즈가든', '숯불바베큐 준비안내', '1시간 미리 연락주시면 준비가능합니다. 최고급재료로 식사에필요한 모든물품을 준비해드립니다.'),
(10019, 'camp20@gamsung.site', '파이브스톤즈가든', '화장실/샤워실', '동절기 (11월 1일 ~ 3월 31일) 까지는 동파방지를 위하여 22:00 이후 사용이 제한 될 수 있으니 문의 부탁드립니다.'),
(10020, 'camp21@gamsung.site', '네이스트 프라이빗 음성', '운영시간', '연중무휴 24시간 운영입니다'),
(10020, 'camp21@gamsung.site', '네이스트 프라이빗 음성', '연락처', '010-4123-7456 으로 연락주세요. 08:00~22:00 까지 가능합니다'),
(10020, 'camp21@gamsung.site', '네이스트 프라이빗 음성', '매점 이용시간', '08:00~23:00 까지 가능합니다'),
(10020, 'camp21@gamsung.site', '네이스트 프라이빗 음성', '물놀이 이용시간', '08:00~17:00 까지 가능합니다'),
(10020, 'camp21@gamsung.site', '네이스트 프라이빗 음성', '트렘폴린 이용시간', '08:00~17:00 까지 가능합니다'),
(10020, 'camp21@gamsung.site', '네이스트 프라이빗 음성', '숯불바베큐 준비안내', '1시간 미리 연락주시면 준비가능합니다. 최고급재료로 식사에필요한 모든물품을 준비해드립니다.'),
(10020, 'camp21@gamsung.site', '네이스트 프라이빗 음성', '화장실/샤워실', '동절기 (11월 1일 ~ 3월 31일) 까지는 동파방지를 위하여 22:00 이후 사용이 제한 될 수 있으니 문의 부탁드립니다.'),
(10021, 'camp22@gamsung.site', '별바라기 캠핑 펜션', '운영시간', '연중무휴 24시간 운영입니다'),
(10021, 'camp22@gamsung.site', '별바라기 캠핑 펜션', '연락처', '010-4123-7456 으로 연락주세요. 08:00~22:00 까지 가능합니다'),
(10021, 'camp22@gamsung.site', '별바라기 캠핑 펜션', '매점 이용시간', '08:00~23:00 까지 가능합니다'),
(10021, 'camp22@gamsung.site', '별바라기 캠핑 펜션', '물놀이 이용시간', '08:00~17:00 까지 가능합니다'),
(10021, 'camp22@gamsung.site', '별바라기 캠핑 펜션', '트렘폴린 이용시간', '08:00~17:00 까지 가능합니다'),
(10021, 'camp22@gamsung.site', '별바라기 캠핑 펜션', '숯불바베큐 준비안내', '1시간 미리 연락주시면 준비가능합니다. 최고급재료로 식사에필요한 모든물품을 준비해드립니다.'),
(10021, 'camp22@gamsung.site', '별바라기 캠핑 펜션', '화장실/샤워실', '동절기 (11월 1일 ~ 3월 31일) 까지는 동파방지를 위하여 22:00 이후 사용이 제한 될 수 있으니 문의 부탁드립니다.'),
(10022, 'camp23@gamsung.site', '하기숲 가족캠핑장', '운영시간', '연중무휴 24시간 운영입니다'),
(10022, 'camp23@gamsung.site', '하기숲 가족캠핑장', '연락처', '010-4123-7456 으로 연락주세요. 08:00~22:00 까지 가능합니다'),
(10022, 'camp23@gamsung.site', '하기숲 가족캠핑장', '매점 이용시간', '08:00~23:00 까지 가능합니다'),
(10022, 'camp23@gamsung.site', '하기숲 가족캠핑장', '물놀이 이용시간', '08:00~17:00 까지 가능합니다'),
(10022, 'camp23@gamsung.site', '하기숲 가족캠핑장', '트렘폴린 이용시간', '08:00~17:00 까지 가능합니다'),
(10022, 'camp23@gamsung.site', '하기숲 가족캠핑장', '숯불바베큐 준비안내', '1시간 미리 연락주시면 준비가능합니다. 최고급재료로 식사에필요한 모든물품을 준비해드립니다.'),
(10022, 'camp23@gamsung.site', '하기숲 가족캠핑장', '화장실/샤워실', '동절기 (11월 1일 ~ 3월 31일) 까지는 동파방지를 위하여 22:00 이후 사용이 제한 될 수 있으니 문의 부탁드립니다.');


INSERT INTO PAYMENT_CODE 
(payment_code_regNum, payment_code, payment_code_range_start, payment_code_range_end, payment_code_info, payment_code_fee)
VALUES
 (1, 'P0', 0, 0, '포인트 관리자', 0),
 (2, 'P1', 0, 0, '포인트 구매', 0),
 (3, 'P2', 0, 0, '포인트 출금', 20),
 (4, 'R0', 0, 0, '캠핑 관리자', 0),
 (5, 'R1', 0, 0, '캠핑 예약', 8),
 (6, 'R2', 0, 0, '캠핑 예약 변경', 8),
 (7, 'R3', 2, 2, '캠핑 예약환불 2일전', 50),
 (8, 'R4', 3, 3, '캠핑 예약환불 3일전', 40),
 (9, 'R5', 4, 4, '캠핑 예약환불 4일전', 30),
 (10, 'R6', 5, 5, '캠핑 예약환불 5일전', 20),
 (11, 'R7', 6, 6, '캠핑 예약환불 6일전', 10),
 (12, 'R8', 7, 7, '캠핑 예약환불 7일전', 0),
 (13, 'A0', 0, 0, '경매 관리자', 0),
 (14, 'A1', 100, 100, '경매 A등급 상품등록 수수료' , 1),
 (15,'A2', 60, 99, '경매 B등급 상품등록 수수료' , 2),
 (16,'A3', 30, 59, '경매 C등급 상품등록 수수료' , 3),
 (17,'A4', 10, 29, '경매 D등급 상품등록 수수료' , 4),
 (18,'A5', 1, 9, '경매 E등급 상품등록 수수료' , 5),
 (19,'A6', 100, 100, '경매 A등급 중도철회 수수료' , 1),
 (20,'A7', 60, 99, '경매 B등급 중도철회 수수료' , 2),
 (21,'A8', 30, 59, '경매 C등급 중도철회 수수료' , 3),
 (22,'A9', 10, 29, '경매 D등급 중도철회 수수료' , 4),
 (23,'A10', 1, 9, '경매 E등급 중도철회 수수료' , 5),
 (24,'A11', 100, 100, '경매 A등급 경매확정 수수료' , 1),
 (25,'A12', 60, 99, '경매 B등급 경매확정 수수료' , 2),
 (26,'A13', 30, 59, '경매 C등급 경매확정 수수료' , 3),
 (27,'A14', 10, 29, '경매 D등급 경매확정 수수료' , 4),
 (28,'A15', 1, 9, '경매 E등급 경매확정 수수료' , 5),
 (29,'A16', 100, 100, '경매 A등급 낙찰취소 수수료' , 1),
 (30,'A17', 60, 99, '경매 B등급 낙찰취소 수수료' , 2),
 (31,'A18', 30, 59, '경매 C등급 낙찰취소 수수료' , 3),
 (32,'A19', 10, 29, '경매 D등급 낙찰취소 수수료' , 4),
 (33,'A20', 1, 9, '경매 E등급 낙찰취소 수수료' , 5),
 (34,'T0', 0, 0, '양도양수 관리자', 0),
 (35,'T1', 0, 0, '양도양수', 0); 
 
 INSERT INTO POST (user_id,post_type,post_title,post_content,post_reg_date,post_Img1,post_Img2,post_Img3,post_hashtag1,post_hashtag2,post_hashtag3,video,delete_flag) VALUES
    ('user7@gamsung.com',1,'바베큐는 사랑입니다.','캠핑에는 역시 바베큐죠. 고기익어가는 냄새에 행복했습니다','2022-01-17 21:44:35',NULL,NULL,NULL,'#코딩','#맑은공기','#비트캠프',NULL,'N'),
    ('user7@gamsung.com',2,'창열이는 오늘도 캠핑 중','열심히 돈 벌어서 열심히 놀러다니고 있습니다. ','2022-01-17 21:44:35','pexelsamitthakare712067.jpg',NULL,NULL,'#플렉스','#캠핑','#오창열',NULL,'N'),
    ('user7@gamsung.com',3,'인생은 캠핑캠사','어차피 한번 살다 갈 인생인 것을.. .','2022-01-17 21:44:35',NULL,NULL,NULL,'#인생이란..','#후..','#28세의 한숨',NULL,'N'),
    ('user9@gamsung.com',4,'태빈이랑 즐거운 주말','저희 태빈이 이번에 초등학교 입학합니다. 다들 축하해주세요 !! 박수 짝짝 !!','2022-01-17 21:44:35','pexelsbiancagasparoto1752805.jpg',NULL,NULL,'#태빈','#8살','#초등학생',NULL,'N'),
    ('user9@gamsung.com,5,'도와줘요 캠핑지식인!! ','산에서 캠핑하다가 곰을 만나면 어떻게 해야 할까요 ㅠㅠ 무서워서 산을 갈 수가 없어요..','2022-01-17 21:44:35','pexelsbradyknoll5914157.jpg',NULL,NULL,'#산','#곰','#덜덜',NULL,'N'),
    ('user10@gamsung.com',2,'삶에 지칠때는 멀리 떠나봐요','공기도 좋고 한적하고 너무 즐거운 시간이었습니다.','2022-01-17 21:44:35','pexelschaitgoli2666598.jpg',NULL,NULL,'#산','#맑은공기','#행복',NULL,'N'),
    ('user10@gamsung.com',3,'캠핑을 가다','공기도 좋고 한적하고 너무 즐거운 시간이었습니다.','2022-01-17 21:44:35','pexelscottonbro5364965.jpg',NULL,NULL,'#산','#맑은공기','#행복',NULL,'N'),
    ('user11@gamsung.com',4,'캠핑을 가다','공기도 좋고 한적하고 너무 즐거운 시간이었습니다.','2022-01-17 21:44:35','pexelsdanielap868306.jpg',NULL,NULL,'#산','#맑은공기','#행복',NULL,'N'),
    ('user9@gamsung.com',5,'캠핑을 가다','공기도 좋고 한적하고 너무 즐거운 시간이었습니다.','2022-01-17 21:44:35','pexelsjameswheeler1539225.jpg',NULL,NULL,'#산','#맑은공기','#행복',NULL,'N'),
    ('user7@gamsung.com',1,'캠핑을 가다','공기도 좋고 한적하고 너무 즐거운 시간이었습니다.','2022-01-17 21:44:35','pexelsjeremybishop2422968.jpg',NULL,NULL,'#산','#맑은공기','#행복',NULL,'N');
INSERT INTO gamsung.post (user_id,post_type,post_title,post_content,post_reg_date,post_Img1,post_Img2,post_Img3,post_hashtag1,post_hashtag2,post_hashtag3,video,delete_flag) VALUES
    ('user11@gamsung.com',2,'캠핑을 가다','공기도 좋고 한적하고 너무 즐거운 시간이었습니다.','2022-01-17 21:44:35','pexelsjoshhild2422265.jpg',NULL,NULL,'#산','#맑은공기','#행복',NULL,'N'),
    ('user11@gamsung.com',3,'캠핑을 가다','공기도 좋고 한적하고 너무 즐거운 시간이었습니다.','2022-01-17 21:44:35','pexelsmarkusspiske2126578.jpg',NULL,NULL,'#산','#맑은공기','#행복',NULL,'N'),
    ('user7@gamsung.com',4,'캠핑을 가다','공기도 좋고 한적하고 너무 즐거운 시간이었습니다.','2022-01-17 21:44:35','pexelsnickwehrli5717775.jpg',NULL,NULL,'#산','#맑은공기','#행복',NULL,'N'),
    ('user7@gamsung.com',5,'캠핑을 가다','공기도 좋고 한적하고 너무 즐거운 시간이었습니다.','2022-01-17 21:44:35','pexelspixabay266436.jpg',NULL,NULL,'#산','#맑은공기','#행복',NULL,'N'),
    ('user9@gamsung.com',1,'캠핑을 가다','공기도 좋고 한적하고 너무 즐거운 시간이었습니다.','2022-01-17 21:44:35','pexelsromanodintsov4553618.jpg',NULL,NULL,'#산','#맑은공기','#행복',NULL,'N'),
    ('user9@gamsung.com',2,'캠핑을 가다','공기도 좋고 한적하고 너무 즐거운 시간이었습니다.','2022-01-17 21:44:35','pexelssangeetrao4660487.jpg',NULL,NULL,'#산','#맑은공기','#행복',NULL,'N'),
    ('user11@gamsung.com',3,'캠핑을 가다','공기도 좋고 한적하고 너무 즐거운 시간이었습니다.','2022-01-17 21:44:35','pexelssolodsha7664387.jpg',NULL,NULL,'#산','#맑은공기','#행복',NULL,'N'),
    ('user10@gamsung.com',4,'캠핑을 가다','공기도 좋고 한적하고 너무 즐거운 시간이었습니다.','2022-01-17 21:44:35','pexelstarynelliott6743248.jpg',NULL,NULL,'#산','#맑은공기','#행복',NULL,'N'),
    ('user10@gamsung.com',5,'캠핑을 가다','공기도 좋고 한적하고 너무 즐거운 시간이었습니다.','2022-01-17 21:44:35','pexelsteemur1840394.jpg',NULL,NULL,'#산','#맑은공기','#행복',NULL,'N'),
    ('user7@gamsung.com',1,'캠핑을 가다','공기도 좋고 한적하고 너무 즐거운 시간이었습니다.','2022-01-17 21:44:35','pexelsvaleriyakobzar7438505.jpg',NULL,NULL,'#산','#맑은공기','#행복',NULL,'N');
INSERT INTO gamsung.post (user_id,post_type,post_title,post_content,post_reg_date,post_Img1,post_Img2,post_Img3,post_hashtag1,post_hashtag2,post_hashtag3,video,delete_flag) VALUES
    ('user7@gamsung.com',2,'캠핑을 가다','공기도 좋고 한적하고 너무 즐거운 시간이었습니다.','2022-01-17 21:44:35','pexelsvladbagacian1061640.jpg',NULL,NULL,'#산','#맑은공기','#행복',NULL,'N');
    
INSERT INTO REPORT_TABLE(report_name)
values
('캠핑장 신고'),
('경매 신고'),
('커뮤니티 신고'),
('예약 양도 신고'),
('이용 고객 신고');