INSERT INTO USERS
(user_id, addr, role, nick_name, password, name, phone, entry_reg_date, camp_name, camp_call, having_point, salt, auction_grade)
values
('gamsungsite@gmail.com', '서울 강남구', 'ADMIN', '감성캠핑', '9c2d11fbca3ffb5f0746fa84b24e0feaca2113450720e271edfabf9a3a6f8881', '감성캠핑', '01012345678', SYSDATE(), null, null, 1000000, '9fb488826f89350c', 100),
('user1@gamsung.com', '서울 강남구', 'GENERAL', '니코', '1111', '김관우', '01022223333', '2022-01-11', null, null, 1000000, '34dc9485b9932277', null),
('user2@gamsung.com', '서울 강남구', 'GENERAL', '헤이즐', '2222', '이소희', '01012345679', '2021-03-25', null, null, 100000, '9ade788942c0c90a', null),
('user3@gamsung.com', '서울 강남구', 'GENERAL', '제나바', '3333', '유희주', '01012345680', '2022-01-01', null, null, 100000, 'a409acee4b29472a', null),
('user4@gamsung.com', '서울 강남구', 'GENERAL', '키아라', '4444', '조영주', '01017745681', '2021-12-11', null, null, 100000, null, null),
('user5@gamsung.com', '서울 강남구', 'GENERAL', '이젤라', '5555', '권도윤', '01012399982', '2021-03-24', null, null, 100000, null, null),
('user6@gamsung.com', '서울 종로구', 'GENERAL', '니코', '1111', '이로희', '0101123999', '2021-05-25', null, null, 1000000, null, null),
('user7@gamsung.com', '서울 서대문구', 'GENERAL', '슈아로', '2222', '김나은', '01019911679', SYSDATE(), null, null, 100000, '662be404122fd290', null),
('user8@gamsung.com', '서울 강남구', 'GENERAL', '뉴엘', '3333', '최모아', '01012333480', '2021-06-22', null, null, 100000, null, null),
('user9@gamsung.com', '서울 강남구', 'GENERAL', '미르시', '4444', '임하루', '01014442281', SYSDATE(), null, null, 100000, '662be404122fd290', null),
('user10@gamsung.com', '서울 강남구', 'GENERAL', '문슬', '5555', '황소호', '01012434682', SYSDATE(), null, null, 100000, 'f33a5230116403c3', null),
('user11@gamsung.com', '서울 강남구', 'GENERAL', '아르테미스', '1111', '오하랑', '01022333663', SYSDATE(), null, null, 1000000, 'a90bdf6d8618f7c8', null),
('user12@gamsung.com', '서울 강남구', 'GENERAL', '새벽', '2222', '유슬희', '01014444479', SYSDATE(), null, null, 100000, 'ae79cbca249aaba9', null),
('user13@gamsung.com', '서울 강남구', 'GENERAL', '혜성', '3333', '이루아리', '01012335580', '2021-07-07', null, null, 100000, null, null),
('user14@gamsung.com', '서울 강남구', 'GENERAL', '우주', '4444', '조도준', '01012556681', SYSDATE(), null, null, 100000, null, null),
('user15@gamsung.com', '서울 강남구', 'GENERAL', '아벨', '5555', '이가람', '01012556682', '2021-08-02', null, null, 100000, null, null),
('user16@gamsung.com', '서울 강남구', 'GENERAL', '아델', '1111', '김재완', '01027727773', SYSDATE(), null, null, 1000000, null, null),
('user17@gamsung.com', '서울 강남구', 'GENERAL', '앨리쉬', '2222', '윤찬', '01012577679', '2021-09-09', null, null, 100000, null, null),
('user18@gamsung.com', '서울 강남구', 'GENERAL', '앨빈', '3333', '김승헌', '01012388780', SYSDATE(), null, null, 100000, null, null),
('user19@gamsung.com', '서울 강남구', 'GENERAL', '베키', '4444', '이휘', '01012777881', SYSDATE(), null, null, 100000, null, null),
('user20@gamsung.com', '서울 강남구', 'GENERAL', '바론', '5555', '박혜니', '01012000882', SYSDATE(), null, null, 100000, null, null),
('user21@gamsung.com', '서울 강남구', 'GENERAL', '비앙카', '1111', '이휘민', '01022200063', '2022-01-02', null, null, 1000000, null, null),
('user22@gamsung.com', '서울 강남구', 'GENERAL', '비숍', '2222', '김해웅', '01014444009', SYSDATE(), null, null, 100000, null, null),
('user23@gamsung.com', '서울 강남구', 'GENERAL', '블리스', '3333', '박동화', '01012555580', SYSDATE(), null, null, 100000, null, null),
('user24@gamsung.com', '서울 강남구', 'GENERAL', '보니타', '4444', '김환비', '01013336681', SYSDATE(), null, null, 100000, null, null),
('user25@gamsung.com', '서울 강남구', 'GENERAL', '쉐리', '5555', '김서아', '01022666682', SYSDATE(), null, null, 100000, null, null),
('user26@gamsung.com', '서울 강남구', 'GENERAL', '첼시', '1111', '서설우', '01022444773', '2021-10-24', null, null, 1000000, null, null),
('user27@gamsung.com', '서울 강남구', 'GENERAL', '코코', '2222', '신지유', '01033355679', '2021-03-27', null, null, 100000, null, null),
('user28@gamsung.com', '서울 강남구', 'GENERAL', '샤비', '3333', '이윤도', '01012447780', '2021-02-13', null, null, 100000, null, null),
('user29@gamsung.com', '서울 강남구', 'GENERAL', '클레오', '4444', '이효완', '01012322881', '2021-10-11', null, null, 100000, null, null),
('user30@gamsung.com', '서울 강남구', 'GENERAL', '데이지', '5555', '민유환', '01012366682', '2021-01-02', null, null, 100000, null, null);

INSERT INTO GAMSUNG.USERS
(user_id, `role`, nick_name, password, salt, name, phone, addr, entry_reg_date, bank, account_holder, account_num, having_point, camp_name, camp_call, entry_approval_flag, receive_cancel_total_count, receive_ban_end_date, dormant_reg_date, secession_reg_date, suspension_reg_date, camp_business_num, suspension_content, auction_grade, auction_suspension_reg_date, sns_id, camp_business_img)
VALUES
('camp01@gamsung.site', 'BUSINESS', NULL, 'a4cff0b527ef482aa119e40468f63b4a906aa39213b571d52a46f40cad790f7a', 'c0d7cf757cac3191', '초안산캠핑장', '0222896865', '서울시 노원구 월계동 750번지', '2022-01-21', NULL, NULL, NULL, 0, '초안산캠핑장', '0222896865', 'Y', 0, NULL, NULL, NULL, NULL, '2178204823', NULL, 1, NULL, NULL, NULL),
('camp02@gamsung.site', 'BUSINESS', NULL, '0ca632d258686c3bb774f06f5e613e55be755e2590cb2e01cac2813898e977e8', '8b4f6a744d6b0a9e', '무수아취', '029540249', '서울 도봉구 도봉로169길 249 (도봉동)', '2022-01-21', NULL, NULL, NULL, 0, '무수아취', '029540249', 'Y', 0, NULL, NULL, NULL, NULL, '8364000778', NULL, 1, NULL, NULL, NULL),
('camp03@gamsung.site', 'BUSINESS', NULL, '1111', NULL, '우이동 가족캠핑장', '0212345678', '서울 강북구 삼양로181길 28 (우이동)', '2022-01-21', NULL, NULL, NULL, 0, '우이동 가족캠핑장', '0212345678', 'Y', 0, NULL, NULL, '2021-01-14', NULL, '1234567890', NULL, 1, NULL, NULL, NULL),
('camp04@gamsung.site', 'BUSINESS', NULL, '1111', NULL, '달콤한 캠핑장 ', '0212345678', '강원도 홍천군 내촌면 와야리 807-2 ', '2022-01-21', NULL, NULL, NULL, 0, '달콤한 캠핑장 ', '0212345678', 'Y', 0, NULL, NULL, '2021-10-18', NULL, '2210932058', NULL, 1, NULL, NULL, NULL),
('camp05@gamsung.site', 'BUSINESS', NULL, '1111', NULL, '미산분교 캠핑장 ', '01020136096', '강원도 인제군 상남면 미산리 376-6 미산분교 캠핑장 ', '2022-01-21', NULL, NULL, NULL, 0, '미산분교 캠핑장 ', '01020136096', 'Y', 0, NULL, '2022-01-15', NULL, NULL, '6943500597', NULL, 1, NULL, NULL, NULL),
('camp06@gamsung.site', 'BUSINESS', NULL, '1111', NULL, '러빙네이쳐', '0212345678', '강원 인제군 남면 설악로 1129', '2022-01-21', NULL, NULL, NULL, 0, '러빙네이쳐', '0212345678', 'Y', 0, NULL, '2022-01-15', NULL, NULL, '1234567890', NULL, 1, NULL, NULL, NULL),
('camp07@gamsung.site', 'BUSINESS', NULL, '1111', NULL, '청도글램핑 ', '01041685900', '경북 청도군 각북면 금천리 427-2 ', '2022-01-21', NULL, NULL, NULL, 0, '청도글램핑 ', '01041685900', 'Y', 0, NULL, '2022-01-15', NULL, NULL, '3714400115', NULL, 1, NULL, NULL, NULL),
('camp08@gamsung.site', 'BUSINESS', NULL, '1111', NULL, '청도프로방스 카라반캠핑카펜션', '0212345678', '경북 청도군 화양읍 이슬미로 297-41청도프로방스 카라반캠핑카펜션', '2022-01-21', NULL, NULL, NULL, 0, '청도프로방스 카라반캠핑카펜션', '0212345678', 'Y', 0, NULL, NULL, NULL, NULL, '1234567890', NULL, 1, NULL, NULL, NULL),
('camp09@gamsung.site', 'BUSINESS', NULL, '1111', NULL, '바람숲야영장', '0212345678', '대구 동구 팔공로230길 103 (진인동)', '2022-01-21', NULL, NULL, NULL, 0, '바람숲야영장', '0212345678', 'Y', 0, NULL, NULL, NULL, NULL, '1234567890', NULL, 1, NULL, NULL, NULL),
('camp10@gamsung.site', 'BUSINESS', NULL, '1111', NULL, '대기농촌체험휴양마을 ', '0559311313', '경남 합천군 가회면 중촌리 420-5 ', '2022-01-21', NULL, NULL, NULL, 0, '대기농촌체험휴양마을 ', '0559311313', 'Y', 0, NULL, NULL, NULL, NULL, '1234567890', NULL, 1, NULL, NULL, NULL),
('camp11@gamsung.site', 'BUSINESS', NULL, '1111', NULL, '천하장사골야영장 ', '0555741109', '경남 의령군 대의면 신전리 276,277 천하장사골야영장 ', '2022-01-21', NULL, NULL, NULL, 0, '천하장사골야영장 ', '0555741109', 'Y', 0, NULL, NULL, NULL, NULL, '1234567890', NULL, 1, NULL, NULL, NULL),
('camp12@gamsung.site', 'BUSINESS', NULL, '1111', NULL, '한별 도그파크', '0212345678', '경남 함안군 법수면 이묵골로 135', '2022-01-21', NULL, NULL, NULL, 0, '한별 도그파크', '0212345678', 'Y', 0, NULL, NULL, NULL, NULL, '1234567890', NULL, 1, NULL, NULL, NULL),
('camp13@gamsung.site', 'BUSINESS', NULL, '1111', NULL, '숲내음카라반캠핑장', '0212345678', '전북 완주군 상관면 죽림편백길 143-5', '2022-01-21', NULL, NULL, NULL, 0, '숲내음카라반캠핑장', '0212345678', 'Y', 0, NULL, NULL, NULL, NULL, '8468601544', NULL, 1, NULL, NULL, NULL),
('camp14@gamsung.site', 'BUSINESS', NULL, '1111', NULL, '완주소양캠핑장 ', '0632416155', '전북 완주군 소양면 해월리 898 ', '2022-01-21', NULL, NULL, NULL, 0, '완주소양캠핑장 ', '0632416155', 'Y', 0, NULL, NULL, NULL, NULL, '2228118375', NULL, 1, NULL, NULL, NULL),
('camp15@gamsung.site', 'BUSINESS', NULL, '1111', NULL, '방길낚시캠핑장', '0636449888', '전북 임실군 신덕면 삼길1길 155-77', '2022-01-21', NULL, NULL, NULL, 0, '방길낚시캠핑장', '0636449888', 'Y', 0, NULL, NULL, NULL, NULL, '4078130169', NULL, 1, NULL, NULL, NULL),
('camp16@gamsung.site', 'BUSINESS', NULL, '1111', NULL, '라온 글램핑 ', '07042734002', '전남 장성군 북하면 월성리 811-2 ', '2022-01-21', NULL, NULL, NULL, 0, '라온 글램핑 ', '07042734002', 'Y', 0, NULL, NULL, NULL, NULL, '163 300225', NULL, 1, NULL, NULL, NULL),
('camp17@gamsung.site', 'BUSINESS', NULL, '1111', NULL, '광산구 국민여가 친환경 오토캠핑장', '0212345678', '광주 광산구 탑동길 345 (지산동)', '2022-01-21', NULL, NULL, NULL, 0, '광산구 국민여가 친환경 오토캠핑장', '0212345678', 'Y', 0, NULL, NULL, NULL, NULL, '1234567890', NULL, 1, NULL, NULL, NULL),
('camp18@gamsung.site', 'BUSINESS', NULL, '1111', NULL, '슬로우위켄드', '0212345678', '전남 장성군 황룡면 구대해길 3-12', '2022-01-21', NULL, NULL, NULL, 0, '슬로우위켄드', '0212345678', 'Y', 0, NULL, NULL, NULL, NULL, '1111651756', NULL, 1, NULL, NULL, NULL),
('camp19@gamsung.site', 'BUSINESS', NULL, '1111', NULL, '도레미 캠핑장 ', '0438340009', '충북 괴산군 불정면 관동로세평4길 24 도레미캠핑장', '2022-01-21', NULL, NULL, NULL, 0, '도레미 캠핑장 ', '0438340009', 'Y', 0, NULL, NULL, NULL, NULL, '3031279597', NULL, 1, NULL, NULL, NULL),
('camp20@gamsung.site', 'BUSINESS', NULL, '1111', NULL, '파이브스톤즈가든', '01079209443', '충북 충주시 중앙탑면 감노로 2003', '2022-01-21', NULL, NULL, NULL, 0, '파이브스톤즈가든', '01079209443', 'Y', 0, NULL, NULL, NULL, NULL, '3031330062', NULL, 1, NULL, NULL, NULL),
('camp21@gamsung.site', 'BUSINESS', NULL, '1111', NULL, '네이스트 프라이빗 음성', '0212345678', '충북 음성군 원남면 덕생로 167-15', '2022-01-21', NULL, NULL, NULL, 0, '네이스트 프라이빗 음성', '0212345678', 'Y', 0, NULL, NULL, NULL, NULL, '1234567890', NULL, 1, NULL, NULL, NULL),
('camp22@gamsung.site', 'BUSINESS', NULL, '1111', NULL, '별바라기 캠핑 펜션', '0414357012', '충남 논산시 벌곡면 수락로 669-54', '2021-10-11', NULL, NULL, NULL, 0, '별바라기 캠핑 펜션', '0414357012', 'Y', 0, NULL, NULL, NULL, '2021-11-12', '1234567890', NULL, 1, NULL, NULL, NULL),
('camp23@gamsung.site', 'BUSINESS', NULL, '1111', NULL, '하기숲 가족캠핑장', '07077275500', '대전광역시 유성구 하기동 259 ', '2022-01-21', NULL, NULL, NULL, 0, '하기숲 가족캠핑장', '07077275500', 'Y', 0, NULL, NULL, NULL, NULL, '3148300386', NULL, 1, NULL, NULL, NULL),
('camp24@gamsung.site', 'BUSINESS', NULL, '1111', NULL, '하늘물빛정원 글램핑', '0417517711', '충남 금산군 추부면 검한1길 156 하늘물빛정원 ', '2022-01-21', NULL, NULL, NULL, 0, '하늘물빛정원 글램핑', '0417517711', 'Y', 0, NULL, NULL, NULL, NULL, '1234567890', NULL, 1, NULL, NULL, NULL),
('camp25@gamsung.site', 'BUSINESS', NULL, '1111', NULL, '돌고래 하우스 카라반', '0647397704', '제주특별자치도 서귀포시 강정동 이어도로 826-58 돌고래하우스 ', '2022-01-21', NULL, NULL, NULL, 0, '돌고래 하우스 카라반', '0647397704', 'Y', 0, NULL, NULL, NULL, NULL, '1234567890', NULL, 1, NULL, NULL, NULL),
('camp26@gamsung.site', 'BUSINESS', NULL, '1111', NULL, '하얀보트', '0212345678', '제주특별자치도 서귀포시 막숙포로 66-1 (법환동)', '2021-01-06', NULL, NULL, NULL, 0, '하얀보트', '0212345678', 'N', 0, NULL, NULL, NULL, '2021-04-04', '1234567890', NULL, 1, NULL, NULL, NULL),
('camp27@gamsung.site', 'BUSINESS', NULL, '1111', NULL, '제주 산내들 여행사', '0212345678', '제주특별자치도 서귀포시 남원읍 남조로 861-83', '2022-01-21', NULL, NULL, NULL, 0, '제주 산내들 여행사', '0212345678', 'N', 0, NULL, NULL, NULL, NULL, '1234567890', NULL, 1, NULL, NULL, NULL);


INSERT INTO GAMSUNG.LOGIN_HISTORY
(login_history_no, user_id, login_reg_date)
VALUES
(1, 'camp01@gamsung.site', '2021-01-14'),
(2, 'camp02@gamsung.site', '2021-01-14'),
(3, 'camp03@gamsung.site', '2021-01-14'),
(4, 'camp05@gamsung.site', '2021-01-14'),
(5, 'camp06@gamsung.site', '2021-01-14'),
(6, 'camp07@gamsung.site', '2021-01-14'),
(7, 'camp05@gamsung.site', '2022-01-15'),
(8, 'camp04@gamsung.site', '2021-10-18'),
(9, 'camp01@gamsung.site', '2022-01-21'),
(10, 'camp02@gamsung.site', '2022-01-21');


INSERT INTO CAMP
(user_id, tempsave_flag, delete_flag, camp_summery, camp_detail, camp_map_img, camp_img1, camp_img2, camp_img3, camp_img4, camp_img5, camp_reg_date, camp_theme1, camp_theme2, camp_nature1, camp_nature2, camp_operation1, camp_operation2, camp_view_count_current_month, camp_reservation_count, camp_rating)
values
('camp01@gamsung.site', 3, 'N', '안녕하세요', '약 1500평의 녋은 천연잔디 운동장임 단순히 캠핑을 즐기기도 하지만 아이들 체험학습으로 국내 유일의 독도사진전시관으로 독도모형도관람, 설명, 독도사진관람, 도자기 핸드페인팅, 농촌 체험(농산물 수확, 심기) 등 다양한 체험활동을 할 수 있다.', 'map1.jpg', 'img1.jpg', 'img2.jpg', 'img8.jpg', 'img10.jpg', 'img4.jpg', '2020-01-01', '봄', '일출', '계곡', '호수', '상시', '주중', NULL, NULL, NULL),
('camp02@gamsung.site', 3, 'N', '맑은 계곡과 조용하고 아름다운 주변경관이 진정한 힐링', '울창한 숲산이 캠핑장을 둘러싸고, 천연수가 흐르는 깨끗한 계곡이 흐르는 청정자연 캠핑장이다. ', 'map2.jpg', 'img2.jpg', 'img1.jpg', 'img10.jpg', 'img8.jpg', 'img7.jpg', '2020-02-01', '여름', '일몰', '호수', '강', '여름', '주말', NULL, NULL, NULL),
('camp03@gamsung.site', 3, 'N', '고객님들에게 보다 편안한 휴식을 제공 하고 있습니다.', '주변관광지로는 배론성지, 탁사정, 옥순봉, 송계계곡 등이 있다.', 'map4.jpg', 'img3.jpg', 'img2.jpg', 'img1.jpg', 'img10.jpg', 'img7.jpg', '2020-03-01', '가을', '등산', '강', '산', '가을', '상시', NULL, NULL, NULL),
('camp04@gamsung.site', 3, 'N', '자연과 호흡하며 자연스런 체험을 통한 이코힐링과 건강한 가족문화를 정립시킬 수 있도록 운영하고 있습니다', '수변공간과 조화된 경관이 뛰어나며, 배산임수의 지형으로 수변공간과 녹음을 동시에 즐길 수 있으며, 전망데크·데크로드·잔디광장 등 다양한 조경시설물이 설치되어있어 편안한 휴식공간 및 시간을 제공합니다.', 'map3.jpg', 'img4.jpg', 'img3.jpg', 'img2.jpg', 'img1.jpg', 'img8.jpg', '2020-04-01', '겨울', '낚시', '바다', '도시', '겨울', '주말', NULL, NULL, NULL),
('camp05@gamsung.site', 3, 'N', '다채로운 체험학습과 생태교육을 통한 창의인성 교육을 목표로 설립하였습니다', '약 1500평의 녋은 천연잔디 운동장임 단순히 캠핑을 즐기기도 하지만 아이들 체험학습으로 국내 유일의 독도사진전시관으로 독도모형도관람, 설명, 독도사진관람, 도자기 핸드페인팅, 농촌 체험(농산물 수확, 심기) 등 다양한 체험활동을 할 수 있다.', 'map5.jpg', 'img5.jpg', 'img4.jpg', 'img3.jpg', 'img2.jpg', 'img1.jpg', '2020-05-01', '봄', '일출', '계곡', '산', '봄', '주중', NULL, NULL, NULL),
('camp06@gamsung.site', 3, 'N', '맑은 계곡과 조용하고 아름다운 주변경관이 진정한 힐링', '울창한 숲산이 캠핑장을 둘러싸고, 천연수가 흐르는 깨끗한 계곡이 흐르는 청정자연 캠핑장이다. ', 'map5.jpg', 'img6.jpg', 'img5.jpg', 'img4.jpg', 'img3.jpg', 'img2.jpg', '2020-06-01', '여름', '일몰', '호수', '도시', '여름', '주말', NULL, NULL, NULL),
('camp07@gamsung.site', 3, 'N', '자연과 호흡하며 자연스런 체험을 통한 이코힐링과 건강한 가족문화를 정립시킬 수 있도록 운영하고 있습니다', '국내산 삼겹살, 목살, 닭다리살이 포함된 세트메뉴와 각종 국내산 야채, 소스들이 건강한 밥상을 제공하고 있다', 'map6.jpg', 'img7.jpg', 'img6.jpg', 'img5.jpg', 'img4.jpg', 'img3.jpg', '2020-07-01', '가을', '등산', '바다', '섬', '가을', '상시', NULL, NULL, NULL),
('camp08@gamsung.site', 3, 'N', '고객님들에게 보다 편안한 휴식을 제공 하고 있습니다.', '주변관광지로는 배론성지, 탁사정, 옥순봉, 송계계곡 등이 있다.', 'map3.jpg', 'img8.jpg', 'img7.jpg', 'img6.jpg', 'img5.jpg', 'img4.jpg', '2020-08-01', '겨울', '낚시', '강', '산', '겨울', '상시', NULL, NULL, NULL),
('camp09@gamsung.site', 3, 'N', '다채로운 체험학습과 생태교육을 통한 창의인성 교육을 목표로 설립하였습니다', '핑을 즐기고 싶은 고객들을 위하여 야간 텐트를 대여해주고 있으며, 부대시설로 아이들을 위한 유아놀이터, 모래놀이장과 화장실, 매점은 있으나 샤워시설, 개수대는 없다', 'map5.jpg', 'img9.jpg', 'img8.jpg', 'img7.jpg', 'img6.jpg', 'img5.jpg', '2020-09-01', '봄', '애완동물동반', '산', '도시', '봄', '주중', NULL, NULL, NULL),
('camp10@gamsung.site', 3, 'N', '자연경관 속에 자리하여 캠핑 기간 동안 자연과 사람이 하나 되어 자연의 정취와 여유를 느낄 수 있습니다.', '약 1500평의 녋은 천연잔디 운동장임 단순히 캠핑을 즐기기도 하지만 아이들 체험학습으로 국내 유일의 독도사진전시관으로 독도모형도관람, 설명, 독도사진관람, 도자기 핸드페인팅, 농촌 체험(농산물 수확, 심기) 등 다양한 체험활동을 할 수 있다.', 'map6.jpg', 'img10.jpg', 'img9.jpg', 'img8.jpg', 'img7.jpg', 'img6.jpg', '2020-10-01', '여름', '일출', '숲', '강', '여름', '상시', NULL, NULL, NULL),
('camp11@gamsung.site', 3, 'N', '맑은 계곡과 조용하고 아름다운 주변경관이 진정한 힐링', '수영장과 방가로 시설, 최신 샤워시설 및 개수대 등 모든 편의시설이 갖추어져 있어 고객님들이 캠핑장 이용시 불편함 없이 사용하실 수 있습니다.', 'map1.jpg', 'img1.jpg', 'img10.jpg', 'img9.jpg', 'img8.jpg', 'img7.jpg', '2020-11-01', '가을', '일몰', '도시', '숲', '가을', '주중', NULL, NULL, NULL),
('camp12@gamsung.site', 3, 'N', '자연경관 속에 자리하여 캠핑 기간 동안 자연과 사람이 하나 되어 자연의 정취와 여유를 느낄 수 있습니다.', '울창한 숲산이 캠핑장을 둘러싸고, 천연수가 흐르는 깨끗한 계곡이 흐르는 청정자연 캠핑장이다. ', 'map7.jpg', 'img2.jpg', 'img1.jpg', 'img10.jpg', 'img9.jpg', 'img8.jpg', '2020-12-01', '겨울', '등산', '섬', '바다', '겨울', '주말', NULL, NULL, NULL),
('camp13@gamsung.site', 3, 'N', '자연과 호흡하며 자연스런 체험을 통한 이코힐링과 건강한 가족문화를 정립시킬 수 있도록 운영하고 있습니다', '수변공간과 조화된 경관이 뛰어나며, 배산임수의 지형으로 수변공간과 녹음을 동시에 즐길 수 있으며, 전망데크·데크로드·잔디광장 등 다양한 조경시설물이 설치되어있어 편안한 휴식공간 및 시간을 제공합니다.', 'map4.jpg', 'img3.jpg', 'img2.jpg', 'img1.jpg', 'img10.jpg', 'img9.jpg', '2021-01-01', '봄', '낚시', '계곡', '강', '봄', '주중', NULL, NULL, NULL),
('camp14@gamsung.site', 3, 'N', '고객님들에게 보다 편안한 휴식을 제공 하고 있습니다.', '국내산 삼겹살, 목살, 닭다리살이 포함된 세트메뉴와 각종 국내산 야채, 소스들이 건강한 밥상을 제공하고 있다', 'map7.jpg', 'img4.jpg', 'img3.jpg', 'img2.jpg', 'img1.jpg', 'img10.jpg', '2021-02-01', '여름', '애완동물동반', '호수', '숲', '여름', '주말', NULL, NULL, NULL),
('camp15@gamsung.site', 3, 'N', '다채로운 체험학습과 생태교육을 통한 창의인성 교육을 목표로 설립하였습니다', '약 1500평의 녋은 천연잔디 운동장임 단순히 캠핑을 즐기기도 하지만 아이들 체험학습으로 국내 유일의 독도사진전시관으로 독도모형도관람, 설명, 독도사진관람, 도자기 핸드페인팅, 농촌 체험(농산물 수확, 심기) 등 다양한 체험활동을 할 수 있다.', 'map6.jpg', 'img5.jpg', 'img4.jpg', 'img3.jpg', 'img2.jpg', 'img1.jpg', '2021-03-01', '가을', '일출', '강', '도시', '가을', '상시', NULL, NULL, NULL),
('camp16@gamsung.site', 3, 'N', '어린이들의 성장 발달을 위한 유아숲체험원이 있습니다. ', '약 1500평의 녋은 천연잔디 운동장임 단순히 캠핑을 즐기기도 하지만 아이들 체험학습으로 국내 유일의 독도사진전시관으로 독도모형도관람, 설명, 독도사진관람, 도자기 핸드페인팅, 농촌 체험(농산물 수확, 심기) 등 다양한 체험활동을 할 수 있다.', 'map2.jpg', 'img6.jpg', 'img5.jpg', 'img4.jpg', 'img3.jpg', 'img2.jpg', '2021-04-01', '겨울', '일몰', '바다', '강', '겨울', '주말', NULL, NULL, NULL),
('camp17@gamsung.site', 3, 'N', '맑은 계곡과 조용하고 아름다운 주변경관이 진정한 힐링', '수변공간과 조화된 경관이 뛰어나며, 배산임수의 지형으로 수변공간과 녹음을 동시에 즐길 수 있으며, 전망데크·데크로드·잔디광장 등 다양한 조경시설물이 설치되어있어 편안한 휴식공간 및 시간을 제공합니다.', 'map4.jpg', 'img7.jpg', 'img6.jpg', 'img5.jpg', 'img4.jpg', 'img3.jpg', '2021-05-01', '봄', '일출', '섬', '산', '봄', '주말', NULL, NULL, NULL),
('camp18@gamsung.site', 3, 'N', '어린이들의 성장 발달을 위한 유아숲체험원이 있습니다. ', '울창한 숲산이 캠핑장을 둘러싸고, 천연수가 흐르는 깨끗한 계곡이 흐르는 청정자연 캠핑장이다. ', 'map3.jpg', 'img8.jpg', 'img7.jpg', 'img6.jpg', 'img5.jpg', 'img4.jpg', '2021-06-01', '여름', '등산', '산', '숲', '여름', '상시', NULL, NULL, NULL),
('camp19@gamsung.site', 3, 'N', '고객님들에게 보다 편안한 휴식을 제공 하고 있습니다.', '자연경관 속에 자리하여 캠핑 기간 동안 자연과 사람이 하나 되어 자연의 정취와 여유를 느낄 수 있습니다.', 'map4.jpg', 'img9.jpg', 'img8.jpg', 'img7.jpg', 'img6.jpg', 'img5.jpg', '2021-07-01', '가을', '낚시', '숲', '산', '가을', '주중', NULL, NULL, NULL),
('camp20@gamsung.site', 3, 'N', '다채로운 체험학습과 생태교육을 통한 창의인성 교육을 목표로 설립하였습니다', '어린이들의 성장 발달을 위한 유아숲체험원이 있습니다. ', 'map7.jpg', 'img10.jpg', 'img9.jpg', 'img8.jpg', 'img7.jpg', 'img6.jpg', '2021-08-01', '겨울', '애완동물동반', '산', '도시', '겨울', '주말', NULL, NULL, NULL),
('camp21@gamsung.site', 3, 'N', '맑은 계곡과 조용하고 아름다운 주변경관이 진정한 힐링', '수변공간과 조화된 경관이 뛰어나며, 배산임수의 지형으로 수변공간과 녹음을 동시에 즐길 수 있으며, 전망데크·데크로드·잔디광장 등 다양한 조경시설물이 설치되어있어 편안한 휴식공간 및 시간을 제공합니다.', 'map1.jpg', 'img1.jpg', 'img10.jpg', 'img9.jpg', 'img8.jpg', 'img7.jpg', '2021-09-01', '봄', '일출', '도시', '계곡', '봄', '상시', NULL, NULL, NULL),
('camp22@gamsung.site', 2, 'N', '어린이들의 성장 발달을 위한 유아숲체험원이 있습니다. ', '약 1500평의 녋은 천연잔디 운동장임 단순히 캠핑을 즐기기도 하지만 아이들 체험학습으로 국내 유일의 독도사진전시관으로 독도모형도관람, 설명, 독도사진관람, 도자기 핸드페인팅, 농촌 체험(농산물 수확, 심기) 등 다양한 체험활동을 할 수 있다.', 'map4.jpg', 'img2.jpg', 'img1.jpg', 'img10.jpg', 'img9.jpg', 'img8.jpg', '2021-10-01', '여름', '애완동물동반', '호수', '섬', '여름', '주말', NULL, NULL, NULL),
('camp23@gamsung.site', 2, 'N', '맑은 계곡과 조용하고 아름다운 주변경관이 진정한 힐링', '울창한 숲산이 캠핑장을 둘러싸고, 천연수가 흐르는 깨끗한 계곡이 흐르는 청정자연 캠핑장이다. ', 'map3.jpg', 'img3.jpg', 'img2.jpg', 'img1.jpg', 'img10.jpg', 'img9.jpg', '2021-11-01', '가을', '일출', '숲', '섬', '가을', '주중', NULL, NULL, NULL),
('camp24@gamsung.site', 0, 'N', NULL, NULL, NULL, NULL, NULL, '', '', '', '2021-12-01', '', '', '', '', '', '', NULL, NULL, NULL),
('camp25@gamsung.site', 0, 'N', NULL, NULL, NULL, '', '', '', '', '', '2021-12-02', '', '', '', '', '', '', NULL, NULL, NULL);


INSERT INTO MAINSITE
(camp_no, 	mainsite_type, 	delete_flag, 	mainsite_name, 	mainsite_section, 	mainsite_size, 	mainsite_min_capacity, 	mainsite_max_capacity, 	mainsite_min_price, 	mainsite_add_price, 	mainsite_parking_size, 	mainsite_info, 	mainsite_reg_date, 	mainsite_img1, 	mainsite_img2, 	mainsite_img3)
VALUES
(10000, '오토캠핑', 'N', '태양', 'A1', '4m X 6m', 2, 4, 50000, 10000, 1, '모든시설이 구비된 시설입니다.', '2019-01-01', 'main7.jpg', 'main1.jpg', 'main11.jpg'),
(10000, '글램핑', 'N', '달', 'A2', '2인실', 2, 2, 100000, 15000, 1, '사계절 아늑합니다.', '2019-01-01', 'main8.jpg', 'main2.jpg', 'main12.jpg'),
(10000, '카라반', 'N', '겔럭시', 'A3', '2인실', 2, 2, 80000, 25000, 1, '최신형으로 쾌적합니다.', '2019-01-01', 'main9.jpg', 'main3.jpg', 'main13.jpg'),
(10000, '방갈로', 'N', '아레스', 'A4', '4인실', 2, 4, 100000, 20000, 1, '가족단위 모임에 편리합니다.', '2019-01-01', 'main10.jpg', 'main4.jpg', 'main8.jpg'),
(10000, '팬션', 'N', '밀키웨이', 'A5', '6인실', 2, 8, 250000, 10000, 2, '복층형 구조로 벽난로가 설치되어있습니다.', '2019-01-01', 'main11.jpg', 'main5.jpg', 'main1.jpg'),
(10000, '자동차야영장', 'N', '아르테미스', 'A6', '6m X 11m', 2, 4, 60000, 20000, 1, '전기, 수도 모든시설이 구비되어있습니다.', '2020-01-01', 'main12.jpg', 'main6.jpg', 'main2.jpg'),
(10000, '글램핑', 'N', '비너스', 'A7', '4인실', 2, 4, 150000, 20000, 2, '감성적인 분위기에 적합합니다.', '2020-01-01', 'main13.jpg', 'main7.jpg', 'main10.jpg'),
(10001, '오토캠핑', 'N', '태양', 'A1', '4m X 6m', 2, 4, 50000, 10000, 1, '모든시설이 구비된 시설입니다.', '2019-01-01', 'main7.jpg', 'main1.jpg', 'main11.jpg'),
(10001, '글램핑', 'N', '달', 'A2', '2인실', 2, 2, 100000, 15000, 1, '사계절 아늑합니다.', '2019-01-01', 'main8.jpg', 'main2.jpg', 'main12.jpg'),
(10001, '카라반', 'N', '겔럭시', 'A3', '2인실', 2, 2, 80000, 25000, 1, '최신형으로 쾌적합니다.', '2019-01-01', 'main9.jpg', 'main3.jpg', 'main13.jpg'),
(10001, '방갈로', 'N', '아레스', 'A4', '4인실', 2, 4, 100000, 20000, 1, '가족단위 모임에 편리합니다.', '2019-01-01', 'main10.jpg', 'main4.jpg', 'main8.jpg'),
(10001, '팬션', 'N', '밀키웨이', 'A5', '6인실', 2, 8, 250000, 10000, 2, '복층형 구조로 벽난로가 설치되어있습니다.', '2019-01-01', 'main11.jpg', 'main5.jpg', 'main1.jpg'),
(10001, '자동차야영장', 'N', '아르테미스', 'A6', '6m X 11m', 2, 4, 60000, 20000, 1, '전기, 수도 모든시설이 구비되어있습니다.', '2020-01-01', 'main12.jpg', 'main6.jpg', 'main2.jpg'),
(10001, '글램핑', 'N', '비너스', 'A7', '4인실', 2, 4, 150000, 20000, 2, '감성적인 분위기에 적합합니다.', '2020-01-01', 'main13.jpg', 'main7.jpg', 'main10.jpg'),
(10002, '오토캠핑', 'N', '태양', 'A1', '4m X 6m', 2, 4, 50000, 10000, 1, '모든시설이 구비된 시설입니다.', '2019-01-01', 'main7.jpg', 'main1.jpg', 'main11.jpg'),
(10002, '글램핑', 'N', '달', 'A2', '2인실', 2, 2, 100000, 15000, 1, '사계절 아늑합니다.', '2019-01-01', 'main8.jpg', 'main2.jpg', 'main12.jpg'),
(10002, '카라반', 'N', '겔럭시', 'A3', '2인실', 2, 2, 80000, 25000, 1, '최신형으로 쾌적합니다.', '2019-01-01', 'main9.jpg', 'main3.jpg', 'main13.jpg'),
(10002, '방갈로', 'N', '아레스', 'A4', '4인실', 2, 4, 100000, 20000, 1, '가족단위 모임에 편리합니다.', '2019-01-01', 'main10.jpg', 'main4.jpg', 'main8.jpg'),
(10002, '팬션', 'N', '밀키웨이', 'A5', '6인실', 2, 8, 250000, 10000, 2, '복층형 구조로 벽난로가 설치되어있습니다.', '2019-01-01', 'main11.jpg', 'main5.jpg', 'main1.jpg'),
(10002, '자동차야영장', 'N', '아르테미스', 'A6', '6m X 11m', 2, 4, 60000, 20000, 1, '전기, 수도 모든시설이 구비되어있습니다.', '2020-01-01', 'main12.jpg', 'main6.jpg', 'main2.jpg'),
(10002, '글램핑', 'N', '비너스', 'A7', '4인실', 2, 4, 150000, 20000, 2, '감성적인 분위기에 적합합니다.', '2020-01-01', 'main13.jpg', 'main7.jpg', 'main10.jpg'),
(10003, '오토캠핑', 'N', '태양', 'A1', '4m X 6m', 2, 4, 50000, 10000, 1, '모든시설이 구비된 시설입니다.', '2019-01-01', 'main7.jpg', 'main1.jpg', 'main11.jpg'),
(10003, '글램핑', 'N', '달', 'A2', '2인실', 2, 2, 100000, 15000, 1, '사계절 아늑합니다.', '2019-01-01', 'main8.jpg', 'main2.jpg', 'main12.jpg'),
(10003, '카라반', 'N', '겔럭시', 'A3', '2인실', 2, 2, 80000, 25000, 1, '최신형으로 쾌적합니다.', '2019-01-01', 'main9.jpg', 'main3.jpg', 'main13.jpg'),
(10003, '방갈로', 'N', '아레스', 'A4', '4인실', 2, 4, 100000, 20000, 1, '가족단위 모임에 편리합니다.', '2019-01-01', 'main10.jpg', 'main4.jpg', 'main8.jpg'),
(10003, '팬션', 'N', '밀키웨이', 'A5', '6인실', 2, 8, 250000, 10000, 2, '복층형 구조로 벽난로가 설치되어있습니다.', '2019-01-01', 'main11.jpg', 'main5.jpg', 'main1.jpg'),
(10003, '자동차야영장', 'N', '아르테미스', 'A6', '6m X 11m', 2, 4, 60000, 20000, 1, '전기, 수도 모든시설이 구비되어있습니다.', '2020-01-01', 'main12.jpg', 'main6.jpg', 'main2.jpg'),
(10003, '글램핑', 'N', '비너스', 'A7', '4인실', 2, 4, 150000, 20000, 2, '감성적인 분위기에 적합합니다.', '2020-01-01', 'main13.jpg', 'main7.jpg', 'main10.jpg'),
(10004, '오토캠핑', 'N', '태양', 'A1', '4m X 6m', 2, 4, 50000, 10000, 1, '모든시설이 구비된 시설입니다.', '2019-01-01', 'main7.jpg', 'main1.jpg', 'main11.jpg'),
(10004, '글램핑', 'N', '달', 'A2', '2인실', 2, 2, 100000, 15000, 1, '사계절 아늑합니다.', '2019-01-01', 'main8.jpg', 'main2.jpg', 'main12.jpg'),
(10004, '카라반', 'N', '겔럭시', 'A3', '2인실', 2, 2, 80000, 25000, 1, '최신형으로 쾌적합니다.', '2019-01-01', 'main9.jpg', 'main3.jpg', 'main13.jpg'),
(10004, '방갈로', 'N', '아레스', 'A4', '4인실', 2, 4, 100000, 20000, 1, '가족단위 모임에 편리합니다.', '2019-01-01', 'main10.jpg', 'main4.jpg', 'main8.jpg'),
(10004, '팬션', 'N', '밀키웨이', 'A5', '6인실', 2, 8, 250000, 10000, 2, '복층형 구조로 벽난로가 설치되어있습니다.', '2019-01-01', 'main11.jpg', 'main5.jpg', 'main1.jpg'),
(10004, '자동차야영장', 'N', '아르테미스', 'A6', '6m X 11m', 2, 4, 60000, 20000, 1, '전기, 수도 모든시설이 구비되어있습니다.', '2020-01-01', 'main12.jpg', 'main6.jpg', 'main2.jpg'),
(10004, '글램핑', 'N', '비너스', 'A7', '4인실', 2, 4, 150000, 20000, 2, '감성적인 분위기에 적합합니다.', '2020-01-01', 'main13.jpg', 'main7.jpg', 'main10.jpg'),
(10005, '오토캠핑', 'N', '태양', 'A1', '4m X 6m', 2, 4, 50000, 10000, 1, '모든시설이 구비된 시설입니다.', '2019-01-01', 'main7.jpg', 'main1.jpg', 'main11.jpg'),
(10005, '글램핑', 'N', '달', 'A2', '2인실', 2, 2, 100000, 15000, 1, '사계절 아늑합니다.', '2019-01-01', 'main8.jpg', 'main2.jpg', 'main12.jpg'),
(10005, '카라반', 'N', '겔럭시', 'A3', '2인실', 2, 2, 80000, 25000, 1, '최신형으로 쾌적합니다.', '2019-01-01', 'main9.jpg', 'main3.jpg', 'main13.jpg'),
(10005, '방갈로', 'N', '아레스', 'A4', '4인실', 2, 4, 100000, 20000, 1, '가족단위 모임에 편리합니다.', '2019-01-01', 'main10.jpg', 'main4.jpg', 'main8.jpg'),
(10005, '팬션', 'N', '밀키웨이', 'A5', '6인실', 2, 8, 250000, 10000, 2, '복층형 구조로 벽난로가 설치되어있습니다.', '2019-01-01', 'main11.jpg', 'main5.jpg', 'main1.jpg'),
(10005, '자동차야영장', 'N', '아르테미스', 'A6', '6m X 11m', 2, 4, 60000, 20000, 1, '전기, 수도 모든시설이 구비되어있습니다.', '2020-01-01', 'main12.jpg', 'main6.jpg', 'main2.jpg'),
(10005, '글램핑', 'N', '비너스', 'A7', '4인실', 2, 4, 150000, 20000, 2, '감성적인 분위기에 적합합니다.', '2020-01-01', 'main13.jpg', 'main7.jpg', 'main10.jpg'),
(10006, '오토캠핑', 'N', '태양', 'A1', '4m X 6m', 2, 4, 50000, 10000, 1, '모든시설이 구비된 시설입니다.', '2019-01-01', 'main7.jpg', 'main1.jpg', 'main11.jpg'),
(10006, '글램핑', 'N', '달', 'A2', '2인실', 2, 2, 100000, 15000, 1, '사계절 아늑합니다.', '2019-01-01', 'main8.jpg', 'main2.jpg', 'main12.jpg'),
(10006, '카라반', 'N', '겔럭시', 'A3', '2인실', 2, 2, 80000, 25000, 1, '최신형으로 쾌적합니다.', '2019-01-01', 'main9.jpg', 'main3.jpg', 'main13.jpg'),
(10006, '방갈로', 'N', '아레스', 'A4', '4인실', 2, 4, 100000, 20000, 1, '가족단위 모임에 편리합니다.', '2019-01-01', 'main10.jpg', 'main4.jpg', 'main8.jpg'),
(10006, '팬션', 'N', '밀키웨이', 'A5', '6인실', 2, 8, 250000, 10000, 2, '복층형 구조로 벽난로가 설치되어있습니다.', '2019-01-01', 'main11.jpg', 'main5.jpg', 'main1.jpg'),
(10006, '자동차야영장', 'N', '아르테미스', 'A6', '6m X 11m', 2, 4, 60000, 20000, 1, '전기, 수도 모든시설이 구비되어있습니다.', '2020-01-01', 'main12.jpg', 'main6.jpg', 'main2.jpg'),
(10006, '글램핑', 'N', '비너스', 'A7', '4인실', 2, 4, 150000, 20000, 2, '감성적인 분위기에 적합합니다.', '2020-01-01', 'main13.jpg', 'main7.jpg', 'main10.jpg'),
(10007, '오토캠핑', 'N', '태양', 'A1', '4m X 6m', 2, 4, 50000, 10000, 1, '모든시설이 구비된 시설입니다.', '2019-01-01', 'main7.jpg', 'main1.jpg', 'main11.jpg'),
(10007, '글램핑', 'N', '달', 'A2', '2인실', 2, 2, 100000, 15000, 1, '사계절 아늑합니다.', '2019-01-01', 'main8.jpg', 'main2.jpg', 'main12.jpg'),
(10007, '카라반', 'N', '겔럭시', 'A3', '2인실', 2, 2, 80000, 25000, 1, '최신형으로 쾌적합니다.', '2019-01-01', 'main9.jpg', 'main3.jpg', 'main13.jpg'),
(10007, '방갈로', 'N', '아레스', 'A4', '4인실', 2, 4, 100000, 20000, 1, '가족단위 모임에 편리합니다.', '2019-01-01', 'main10.jpg', 'main4.jpg', 'main8.jpg'),
(10007, '팬션', 'N', '밀키웨이', 'A5', '6인실', 2, 8, 250000, 10000, 2, '복층형 구조로 벽난로가 설치되어있습니다.', '2019-01-01', 'main11.jpg', 'main5.jpg', 'main1.jpg'),
(10007, '자동차야영장', 'N', '아르테미스', 'A6', '6m X 11m', 2, 4, 60000, 20000, 1, '전기, 수도 모든시설이 구비되어있습니다.', '2020-01-01', 'main12.jpg', 'main6.jpg', 'main2.jpg'),
(10007, '글램핑', 'N', '비너스', 'A7', '4인실', 2, 4, 150000, 20000, 2, '감성적인 분위기에 적합합니다.', '2020-01-01', 'main13.jpg', 'main7.jpg', 'main10.jpg'),
(10008, '오토캠핑', 'N', '태양', 'A1', '4m X 6m', 2, 4, 50000, 10000, 1, '모든시설이 구비된 시설입니다.', '2019-01-01', 'main7.jpg', 'main1.jpg', 'main11.jpg'),
(10008, '글램핑', 'N', '달', 'A2', '2인실', 2, 2, 100000, 15000, 1, '사계절 아늑합니다.', '2019-01-01', 'main8.jpg', 'main2.jpg', 'main12.jpg'),
(10008, '카라반', 'N', '겔럭시', 'A3', '2인실', 2, 2, 80000, 25000, 1, '최신형으로 쾌적합니다.', '2019-01-01', 'main9.jpg', 'main3.jpg', 'main13.jpg'),
(10008, '방갈로', 'N', '아레스', 'A4', '4인실', 2, 4, 100000, 20000, 1, '가족단위 모임에 편리합니다.', '2019-01-01', 'main10.jpg', 'main4.jpg', 'main8.jpg'),
(10008, '팬션', 'N', '밀키웨이', 'A5', '6인실', 2, 8, 250000, 10000, 2, '복층형 구조로 벽난로가 설치되어있습니다.', '2019-01-01', 'main11.jpg', 'main5.jpg', 'main1.jpg'),
(10008, '자동차야영장', 'N', '아르테미스', 'A6', '6m X 11m', 2, 4, 60000, 20000, 1, '전기, 수도 모든시설이 구비되어있습니다.', '2020-01-01', 'main12.jpg', 'main6.jpg', 'main2.jpg'),
(10008, '글램핑', 'N', '비너스', 'A7', '4인실', 2, 4, 150000, 20000, 2, '감성적인 분위기에 적합합니다.', '2020-01-01', 'main13.jpg', 'main7.jpg', 'main10.jpg'),
(10009, '오토캠핑', 'N', '태양', 'A1', '4m X 6m', 2, 4, 50000, 10000, 1, '모든시설이 구비된 시설입니다.', '2019-01-01', 'main7.jpg', 'main1.jpg', 'main11.jpg'),
(10009, '글램핑', 'N', '달', 'A2', '2인실', 2, 2, 100000, 15000, 1, '사계절 아늑합니다.', '2019-01-01', 'main8.jpg', 'main2.jpg', 'main12.jpg'),
(10009, '카라반', 'N', '겔럭시', 'A3', '2인실', 2, 2, 80000, 25000, 1, '최신형으로 쾌적합니다.', '2019-01-01', 'main9.jpg', 'main3.jpg', 'main13.jpg'),
(10009, '방갈로', 'N', '아레스', 'A4', '4인실', 2, 4, 100000, 20000, 1, '가족단위 모임에 편리합니다.', '2019-01-01', 'main10.jpg', 'main4.jpg', 'main8.jpg'),
(10009, '팬션', 'N', '밀키웨이', 'A5', '6인실', 2, 8, 250000, 10000, 2, '복층형 구조로 벽난로가 설치되어있습니다.', '2019-01-01', 'main11.jpg', 'main5.jpg', 'main1.jpg'),
(10009, '자동차야영장', 'N', '아르테미스', 'A6', '6m X 11m', 2, 4, 60000, 20000, 1, '전기, 수도 모든시설이 구비되어있습니다.', '2020-01-01', 'main12.jpg', 'main6.jpg', 'main2.jpg'),
(10009, '글램핑', 'N', '비너스', 'A7', '4인실', 2, 4, 150000, 20000, 2, '감성적인 분위기에 적합합니다.', '2020-01-01', 'main13.jpg', 'main7.jpg', 'main10.jpg'),
(10010, '오토캠핑', 'N', '태양', 'A1', '4m X 6m', 2, 4, 50000, 10000, 1, '모든시설이 구비된 시설입니다.', '2019-01-01', 'main7.jpg', 'main1.jpg', 'main11.jpg'),
(10010, '글램핑', 'N', '달', 'A2', '2인실', 2, 2, 100000, 15000, 1, '사계절 아늑합니다.', '2019-01-01', 'main8.jpg', 'main2.jpg', 'main12.jpg'),
(10010, '카라반', 'N', '겔럭시', 'A3', '2인실', 2, 2, 80000, 25000, 1, '최신형으로 쾌적합니다.', '2019-01-01', 'main9.jpg', 'main3.jpg', 'main13.jpg'),
(10010, '방갈로', 'N', '아레스', 'A4', '4인실', 2, 4, 100000, 20000, 1, '가족단위 모임에 편리합니다.', '2019-01-01', 'main10.jpg', 'main4.jpg', 'main8.jpg'),
(10010, '팬션', 'N', '밀키웨이', 'A5', '6인실', 2, 8, 250000, 10000, 2, '복층형 구조로 벽난로가 설치되어있습니다.', '2019-01-01', 'main11.jpg', 'main5.jpg', 'main1.jpg'),
(10010, '자동차야영장', 'N', '아르테미스', 'A6', '6m X 11m', 2, 4, 60000, 20000, 1, '전기, 수도 모든시설이 구비되어있습니다.', '2020-01-01', 'main12.jpg', 'main6.jpg', 'main2.jpg'),
(10010, '글램핑', 'N', '비너스', 'A7', '4인실', 2, 4, 150000, 20000, 2, '감성적인 분위기에 적합합니다.', '2020-01-01', 'main13.jpg', 'main7.jpg', 'main10.jpg'),
(10011, '오토캠핑', 'N', '태양', 'A1', '4m X 6m', 2, 4, 50000, 10000, 1, '모든시설이 구비된 시설입니다.', '2019-01-01', 'main7.jpg', 'main1.jpg', 'main11.jpg'),
(10011, '글램핑', 'N', '달', 'A2', '2인실', 2, 2, 100000, 15000, 1, '사계절 아늑합니다.', '2019-01-01', 'main8.jpg', 'main2.jpg', 'main12.jpg'),
(10011, '카라반', 'N', '겔럭시', 'A3', '2인실', 2, 2, 80000, 25000, 1, '최신형으로 쾌적합니다.', '2019-01-01', 'main9.jpg', 'main3.jpg', 'main13.jpg'),
(10011, '방갈로', 'N', '아레스', 'A4', '4인실', 2, 4, 100000, 20000, 1, '가족단위 모임에 편리합니다.', '2019-01-01', 'main10.jpg', 'main4.jpg', 'main8.jpg'),
(10011, '팬션', 'N', '밀키웨이', 'A5', '6인실', 2, 8, 250000, 10000, 2, '복층형 구조로 벽난로가 설치되어있습니다.', '2019-01-01', 'main11.jpg', 'main5.jpg', 'main1.jpg'),
(10011, '자동차야영장', 'N', '아르테미스', 'A6', '6m X 11m', 2, 4, 60000, 20000, 1, '전기, 수도 모든시설이 구비되어있습니다.', '2020-01-01', 'main12.jpg', 'main6.jpg', 'main2.jpg'),
(10011, '글램핑', 'N', '비너스', 'A7', '4인실', 2, 4, 150000, 20000, 2, '감성적인 분위기에 적합합니다.', '2020-01-01', 'main13.jpg', 'main7.jpg', 'main10.jpg'),
(10012, '오토캠핑', 'N', '태양', 'A1', '4m X 6m', 2, 4, 50000, 10000, 1, '모든시설이 구비된 시설입니다.', '2019-01-01', 'main7.jpg', 'main1.jpg', 'main11.jpg'),
(10012, '글램핑', 'N', '달', 'A2', '2인실', 2, 2, 100000, 15000, 1, '사계절 아늑합니다.', '2019-01-01', 'main8.jpg', 'main2.jpg', 'main12.jpg'),
(10012, '카라반', 'N', '겔럭시', 'A3', '2인실', 2, 2, 80000, 25000, 1, '최신형으로 쾌적합니다.', '2019-01-01', 'main9.jpg', 'main3.jpg', 'main13.jpg'),
(10012, '방갈로', 'N', '아레스', 'A4', '4인실', 2, 4, 100000, 20000, 1, '가족단위 모임에 편리합니다.', '2019-01-01', 'main10.jpg', 'main4.jpg', 'main8.jpg'),
(10012, '팬션', 'N', '밀키웨이', 'A5', '6인실', 2, 8, 250000, 10000, 2, '복층형 구조로 벽난로가 설치되어있습니다.', '2019-01-01', 'main11.jpg', 'main5.jpg', 'main1.jpg'),
(10012, '자동차야영장', 'N', '아르테미스', 'A6', '6m X 11m', 2, 4, 60000, 20000, 1, '전기, 수도 모든시설이 구비되어있습니다.', '2020-01-01', 'main12.jpg', 'main6.jpg', 'main2.jpg'),
(10012, '글램핑', 'N', '비너스', 'A7', '4인실', 2, 4, 150000, 20000, 2, '감성적인 분위기에 적합합니다.', '2020-01-01', 'main13.jpg', 'main7.jpg', 'main10.jpg'),
(10013, '오토캠핑', 'N', '태양', 'A1', '4m X 6m', 2, 4, 50000, 10000, 1, '모든시설이 구비된 시설입니다.', '2019-01-01', 'main7.jpg', 'main1.jpg', 'main11.jpg'),
(10013, '글램핑', 'N', '달', 'A2', '2인실', 2, 2, 100000, 15000, 1, '사계절 아늑합니다.', '2019-01-01', 'main8.jpg', 'main2.jpg', 'main12.jpg'),
(10013, '카라반', 'N', '겔럭시', 'A3', '2인실', 2, 2, 80000, 25000, 1, '최신형으로 쾌적합니다.', '2019-01-01', 'main9.jpg', 'main3.jpg', 'main13.jpg'),
(10013, '방갈로', 'N', '아레스', 'A4', '4인실', 2, 4, 100000, 20000, 1, '가족단위 모임에 편리합니다.', '2019-01-01', 'main10.jpg', 'main4.jpg', 'main8.jpg'),
(10013, '팬션', 'N', '밀키웨이', 'A5', '6인실', 2, 8, 250000, 10000, 2, '복층형 구조로 벽난로가 설치되어있습니다.', '2019-01-01', 'main11.jpg', 'main5.jpg', 'main1.jpg'),
(10013, '자동차야영장', 'N', '아르테미스', 'A6', '6m X 11m', 2, 4, 60000, 20000, 1, '전기, 수도 모든시설이 구비되어있습니다.', '2020-01-01', 'main12.jpg', 'main6.jpg', 'main2.jpg'),
(10013, '글램핑', 'N', '비너스', 'A7', '4인실', 2, 4, 150000, 20000, 2, '감성적인 분위기에 적합합니다.', '2020-01-01', 'main13.jpg', 'main7.jpg', 'main10.jpg'),
(10014, '오토캠핑', 'N', '태양', 'A1', '4m X 6m', 2, 4, 50000, 10000, 1, '모든시설이 구비된 시설입니다.', '2019-01-01', 'main7.jpg', 'main1.jpg', 'main11.jpg'),
(10014, '글램핑', 'N', '달', 'A2', '2인실', 2, 2, 100000, 15000, 1, '사계절 아늑합니다.', '2019-01-01', 'main8.jpg', 'main2.jpg', 'main12.jpg'),
(10014, '카라반', 'N', '겔럭시', 'A3', '2인실', 2, 2, 80000, 25000, 1, '최신형으로 쾌적합니다.', '2019-01-01', 'main9.jpg', 'main3.jpg', 'main13.jpg'),
(10014, '방갈로', 'N', '아레스', 'A4', '4인실', 2, 4, 100000, 20000, 1, '가족단위 모임에 편리합니다.', '2019-01-01', 'main10.jpg', 'main4.jpg', 'main8.jpg'),
(10014, '팬션', 'N', '밀키웨이', 'A5', '6인실', 2, 8, 250000, 10000, 2, '복층형 구조로 벽난로가 설치되어있습니다.', '2019-01-01', 'main11.jpg', 'main5.jpg', 'main1.jpg'),
(10014, '자동차야영장', 'N', '아르테미스', 'A6', '6m X 11m', 2, 4, 60000, 20000, 1, '전기, 수도 모든시설이 구비되어있습니다.', '2020-01-01', 'main12.jpg', 'main6.jpg', 'main2.jpg'),
(10014, '글램핑', 'N', '비너스', 'A7', '4인실', 2, 4, 150000, 20000, 2, '감성적인 분위기에 적합합니다.', '2020-01-01', 'main13.jpg', 'main7.jpg', 'main10.jpg'),
(10015, '오토캠핑', 'N', '태양', 'A1', '4m X 6m', 2, 4, 50000, 10000, 1, '모든시설이 구비된 시설입니다.', '2019-01-01', 'main7.jpg', 'main1.jpg', 'main11.jpg'),
(10015, '글램핑', 'N', '달', 'A2', '2인실', 2, 2, 100000, 15000, 1, '사계절 아늑합니다.', '2019-01-01', 'main8.jpg', 'main2.jpg', 'main12.jpg'),
(10015, '카라반', 'N', '겔럭시', 'A3', '2인실', 2, 2, 80000, 25000, 1, '최신형으로 쾌적합니다.', '2019-01-01', 'main9.jpg', 'main3.jpg', 'main13.jpg'),
(10015, '방갈로', 'N', '아레스', 'A4', '4인실', 2, 4, 100000, 20000, 1, '가족단위 모임에 편리합니다.', '2019-01-01', 'main10.jpg', 'main4.jpg', 'main8.jpg'),
(10015, '팬션', 'N', '밀키웨이', 'A5', '6인실', 2, 8, 250000, 10000, 2, '복층형 구조로 벽난로가 설치되어있습니다.', '2019-01-01', 'main11.jpg', 'main5.jpg', 'main1.jpg'),
(10015, '자동차야영장', 'N', '아르테미스', 'A6', '6m X 11m', 2, 4, 60000, 20000, 1, '전기, 수도 모든시설이 구비되어있습니다.', '2020-01-01', 'main12.jpg', 'main6.jpg', 'main2.jpg'),
(10015, '글램핑', 'N', '비너스', 'A7', '4인실', 2, 4, 150000, 20000, 2, '감성적인 분위기에 적합합니다.', '2020-01-01', 'main13.jpg', 'main7.jpg', 'main10.jpg'),
(10016, '오토캠핑', 'N', '태양', 'A1', '4m X 6m', 2, 4, 50000, 10000, 1, '모든시설이 구비된 시설입니다.', '2019-01-01', 'main7.jpg', 'main1.jpg', 'main11.jpg'),
(10016, '글램핑', 'N', '달', 'A2', '2인실', 2, 2, 100000, 15000, 1, '사계절 아늑합니다.', '2019-01-01', 'main8.jpg', 'main2.jpg', 'main12.jpg'),
(10016, '카라반', 'N', '겔럭시', 'A3', '2인실', 2, 2, 80000, 25000, 1, '최신형으로 쾌적합니다.', '2019-01-01', 'main9.jpg', 'main3.jpg', 'main13.jpg'),
(10016, '방갈로', 'N', '아레스', 'A4', '4인실', 2, 4, 100000, 20000, 1, '가족단위 모임에 편리합니다.', '2019-01-01', 'main10.jpg', 'main4.jpg', 'main8.jpg'),
(10016, '팬션', 'N', '밀키웨이', 'A5', '6인실', 2, 8, 250000, 10000, 2, '복층형 구조로 벽난로가 설치되어있습니다.', '2019-01-01', 'main11.jpg', 'main5.jpg', 'main1.jpg'),
(10016, '자동차야영장', 'N', '아르테미스', 'A6', '6m X 11m', 2, 4, 60000, 20000, 1, '전기, 수도 모든시설이 구비되어있습니다.', '2020-01-01', 'main12.jpg', 'main6.jpg', 'main2.jpg'),
(10016, '글램핑', 'N', '비너스', 'A7', '4인실', 2, 4, 150000, 20000, 2, '감성적인 분위기에 적합합니다.', '2020-01-01', 'main13.jpg', 'main7.jpg', 'main10.jpg'),
(10017, '오토캠핑', 'N', '태양', 'A1', '4m X 6m', 2, 4, 50000, 10000, 1, '모든시설이 구비된 시설입니다.', '2019-01-01', 'main7.jpg', 'main1.jpg', 'main11.jpg'),
(10017, '글램핑', 'N', '달', 'A2', '2인실', 2, 2, 100000, 15000, 1, '사계절 아늑합니다.', '2019-01-01', 'main8.jpg', 'main2.jpg', 'main12.jpg'),
(10017, '카라반', 'N', '겔럭시', 'A3', '2인실', 2, 2, 80000, 25000, 1, '최신형으로 쾌적합니다.', '2019-01-01', 'main9.jpg', 'main3.jpg', 'main13.jpg'),
(10017, '방갈로', 'N', '아레스', 'A4', '4인실', 2, 4, 100000, 20000, 1, '가족단위 모임에 편리합니다.', '2019-01-01', 'main10.jpg', 'main4.jpg', 'main8.jpg'),
(10017, '팬션', 'N', '밀키웨이', 'A5', '6인실', 2, 8, 250000, 10000, 2, '복층형 구조로 벽난로가 설치되어있습니다.', '2019-01-01', 'main11.jpg', 'main5.jpg', 'main1.jpg'),
(10017, '자동차야영장', 'N', '아르테미스', 'A6', '6m X 11m', 2, 4, 60000, 20000, 1, '전기, 수도 모든시설이 구비되어있습니다.', '2020-01-01', 'main12.jpg', 'main6.jpg', 'main2.jpg'),
(10017, '글램핑', 'N', '비너스', 'A7', '4인실', 2, 4, 150000, 20000, 2, '감성적인 분위기에 적합합니다.', '2020-01-01', 'main13.jpg', 'main7.jpg', 'main10.jpg'),
(10018, '오토캠핑', 'N', '태양', 'A1', '4m X 6m', 2, 4, 50000, 10000, 1, '모든시설이 구비된 시설입니다.', '2019-01-01', 'main7.jpg', 'main1.jpg', 'main11.jpg'),
(10018, '글램핑', 'N', '달', 'A2', '2인실', 2, 2, 100000, 15000, 1, '사계절 아늑합니다.', '2019-01-01', 'main8.jpg', 'main2.jpg', 'main12.jpg'),
(10018, '카라반', 'N', '겔럭시', 'A3', '2인실', 2, 2, 80000, 25000, 1, '최신형으로 쾌적합니다.', '2019-01-01', 'main9.jpg', 'main3.jpg', 'main13.jpg'),
(10018, '방갈로', 'N', '아레스', 'A4', '4인실', 2, 4, 100000, 20000, 1, '가족단위 모임에 편리합니다.', '2019-01-01', 'main10.jpg', 'main4.jpg', 'main8.jpg'),
(10018, '팬션', 'N', '밀키웨이', 'A5', '6인실', 2, 8, 250000, 10000, 2, '복층형 구조로 벽난로가 설치되어있습니다.', '2019-01-01', 'main11.jpg', 'main5.jpg', 'main1.jpg'),
(10018, '자동차야영장', 'N', '아르테미스', 'A6', '6m X 11m', 2, 4, 60000, 20000, 1, '전기, 수도 모든시설이 구비되어있습니다.', '2020-01-01', 'main12.jpg', 'main6.jpg', 'main2.jpg'),
(10018, '글램핑', 'N', '비너스', 'A7', '4인실', 2, 4, 150000, 20000, 2, '감성적인 분위기에 적합합니다.', '2020-01-01', 'main13.jpg', 'main7.jpg', 'main10.jpg'),
(10019, '오토캠핑', 'N', '태양', 'A1', '4m X 6m', 2, 4, 50000, 10000, 1, '모든시설이 구비된 시설입니다.', '2019-01-01', 'main7.jpg', 'main1.jpg', 'main11.jpg'),
(10019, '글램핑', 'N', '달', 'A2', '2인실', 2, 2, 100000, 15000, 1, '사계절 아늑합니다.', '2019-01-01', 'main8.jpg', 'main2.jpg', 'main12.jpg'),
(10019, '카라반', 'N', '겔럭시', 'A3', '2인실', 2, 2, 80000, 25000, 1, '최신형으로 쾌적합니다.', '2019-01-01', 'main9.jpg', 'main3.jpg', 'main13.jpg'),
(10019, '방갈로', 'N', '아레스', 'A4', '4인실', 2, 4, 100000, 20000, 1, '가족단위 모임에 편리합니다.', '2019-01-01', 'main10.jpg', 'main4.jpg', 'main8.jpg'),
(10019, '팬션', 'N', '밀키웨이', 'A5', '6인실', 2, 8, 250000, 10000, 2, '복층형 구조로 벽난로가 설치되어있습니다.', '2019-01-01', 'main11.jpg', 'main5.jpg', 'main1.jpg'),
(10019, '자동차야영장', 'N', '아르테미스', 'A6', '6m X 11m', 2, 4, 60000, 20000, 1, '전기, 수도 모든시설이 구비되어있습니다.', '2020-01-01', 'main12.jpg', 'main6.jpg', 'main2.jpg'),
(10019, '글램핑', 'N', '비너스', 'A7', '4인실', 2, 4, 150000, 20000, 2, '감성적인 분위기에 적합합니다.', '2020-01-01', 'main13.jpg', 'main7.jpg', 'main10.jpg'),
(10020, '오토캠핑', 'N', '태양', 'A1', '4m X 6m', 2, 4, 50000, 10000, 1, '모든시설이 구비된 시설입니다.', '2019-01-01', 'main7.jpg', 'main1.jpg', 'main11.jpg'),
(10020, '글램핑', 'N', '달', 'A2', '2인실', 2, 2, 100000, 15000, 1, '사계절 아늑합니다.', '2019-01-01', 'main8.jpg', 'main2.jpg', 'main12.jpg'),
(10020, '카라반', 'N', '겔럭시', 'A3', '2인실', 2, 2, 80000, 25000, 1, '최신형으로 쾌적합니다.', '2019-01-01', 'main9.jpg', 'main3.jpg', 'main13.jpg'),
(10020, '방갈로', 'N', '아레스', 'A4', '4인실', 2, 4, 100000, 20000, 1, '가족단위 모임에 편리합니다.', '2019-01-01', 'main10.jpg', 'main4.jpg', 'main8.jpg'),
(10020, '팬션', 'N', '밀키웨이', 'A5', '6인실', 2, 8, 250000, 10000, 2, '복층형 구조로 벽난로가 설치되어있습니다.', '2019-01-01', 'main11.jpg', 'main5.jpg', 'main1.jpg'),
(10020, '자동차야영장', 'N', '아르테미스', 'A6', '6m X 11m', 2, 4, 60000, 20000, 1, '전기, 수도 모든시설이 구비되어있습니다.', '2020-01-01', 'main12.jpg', 'main6.jpg', 'main2.jpg'),
(10020, '글램핑', 'N', '비너스', 'A7', '4인실', 2, 4, 150000, 20000, 2, '감성적인 분위기에 적합합니다.', '2020-01-01', 'main13.jpg', 'main7.jpg', 'main10.jpg'),
(10021, '오토캠핑', 'N', '태양', 'A1', '4m X 6m', 2, 4, 50000, 10000, 1, '모든시설이 구비된 시설입니다.', '2019-01-01', 'main7.jpg', 'main1.jpg', 'main11.jpg'),
(10021, '글램핑', 'N', '달', 'A2', '2인실', 2, 2, 100000, 15000, 1, '사계절 아늑합니다.', '2019-01-01', 'main8.jpg', 'main2.jpg', 'main12.jpg'),
(10021, '카라반', 'N', '겔럭시', 'A3', '2인실', 2, 2, 80000, 25000, 1, '최신형으로 쾌적합니다.', '2019-01-01', 'main9.jpg', 'main3.jpg', 'main13.jpg'),
(10021, '방갈로', 'N', '아레스', 'A4', '4인실', 2, 4, 100000, 20000, 1, '가족단위 모임에 편리합니다.', '2019-01-01', 'main10.jpg', 'main4.jpg', 'main8.jpg'),
(10021, '팬션', 'N', '밀키웨이', 'A5', '6인실', 2, 8, 250000, 10000, 2, '복층형 구조로 벽난로가 설치되어있습니다.', '2019-01-01', 'main11.jpg', 'main5.jpg', 'main1.jpg'),
(10021, '자동차야영장', 'N', '아르테미스', 'A6', '6m X 11m', 2, 4, 60000, 20000, 1, '전기, 수도 모든시설이 구비되어있습니다.', '2020-01-01', 'main12.jpg', 'main6.jpg', 'main2.jpg'),
(10021, '글램핑', 'N', '비너스', 'A7', '4인실', 2, 4, 150000, 20000, 2, '감성적인 분위기에 적합합니다.', '2020-01-01', 'main13.jpg', 'main7.jpg', 'main10.jpg'),
(10022, '오토캠핑', 'N', '태양', 'A1', '4m X 6m', 2, 4, 50000, 10000, 1, '모든시설이 구비된 시설입니다.', '2019-01-01', 'main7.jpg', 'main1.jpg', 'main11.jpg'),
(10022, '글램핑', 'N', '달', 'A2', '2인실', 2, 2, 100000, 15000, 1, '사계절 아늑합니다.', '2019-01-01', 'main8.jpg', 'main2.jpg', 'main12.jpg'),
(10022, '카라반', 'N', '겔럭시', 'A3', '2인실', 2, 2, 80000, 25000, 1, '최신형으로 쾌적합니다.', '2019-01-01', 'main9.jpg', 'main3.jpg', 'main13.jpg'),
(10022, '방갈로', 'N', '아레스', 'A4', '4인실', 2, 4, 100000, 20000, 1, '가족단위 모임에 편리합니다.', '2019-01-01', 'main10.jpg', 'main4.jpg', 'main8.jpg'),
(10022, '팬션', 'N', '밀키웨이', 'A5', '6인실', 2, 8, 250000, 10000, 2, '복층형 구조로 벽난로가 설치되어있습니다.', '2019-01-01', 'main11.jpg', 'main5.jpg', 'main1.jpg'),
(10022, '자동차야영장', 'N', '아르테미스', 'A6', '6m X 11m', 2, 4, 60000, 20000, 1, '전기, 수도 모든시설이 구비되어있습니다.', '2020-01-01', 'main12.jpg', 'main6.jpg', 'main2.jpg'),
(10022, '글램핑', 'N', '비너스', 'A7', '4인실', 2, 4, 150000, 20000, 2, '감성적인 분위기에 적합합니다.', '2020-01-01', 'main13.jpg', 'main7.jpg', 'main10.jpg');


INSERT INTO SUBSITE
(camp_no, subsite_type, subsite_reg_date, subsite_name, subsite_info, subsite_img)
VALUES
(10000, '화장실', '2019-01-01', '화장실', '매시간 관리되며 청결합니다', 'toilet.jpg'),
(10000, '온수', '2019-01-01', '온수', '매시간 관리되며 청결합니다', 'shower.jpg'),
(10000, '매점', '2019-01-01', '매점', '24시간 운영합니다', 'store.jpg'),
(10000, '물놀이장', '2019-01-01', '물놀이장', '08:00~17:00 운영합니다', 'pool.jpg'),
(10000, '트램폴린', '2019-01-01', '트램폴린', '08:00~17:00 운영합니다', 'jump.jpg'),
(10000, '무선인터넷', '2020-01-01', '무선인터넷', '2.5G + 5G GiGA BIT 입니다 ', 'wifi.jpg'),
(10000, '산책로', '2020-01-01', '산책로', '피톤치드와 함께 힐링하세요', 'path.jpg'),
(10001, '화장실', '2019-01-01', '화장실', '매시간 관리되며 청결합니다', 'toilet.jpg'),
(10001, '온수', '2019-01-01', '온수', '매시간 관리되며 청결합니다', 'shower.jpg'),
(10001, '매점', '2019-01-01', '매점', '24시간 운영합니다', 'store.jpg'),
(10001, '물놀이장', '2019-01-01', '물놀이장', '08:00~17:00 운영합니다', 'pool.jpg'),
(10001, '트램폴린', '2019-01-01', '트램폴린', '08:00~17:00 운영합니다', 'jump.jpg'),
(10001, '무선인터넷', '2020-01-01', '무선인터넷', '2.5G + 5G GiGA BIT 입니다 ', 'wifi.jpg'),
(10001, '산책로', '2020-01-01', '산책로', '피톤치드와 함께 힐링하세요', 'path.jpg'),
(10002, '화장실', '2019-01-01', '화장실', '매시간 관리되며 청결합니다', 'toilet.jpg'),
(10002, '온수', '2019-01-01', '온수', '매시간 관리되며 청결합니다', 'shower.jpg'),
(10002, '매점', '2019-01-01', '매점', '24시간 운영합니다', 'store.jpg'),
(10002, '물놀이장', '2019-01-01', '물놀이장', '08:00~17:00 운영합니다', 'pool.jpg'),
(10002, '트램폴린', '2019-01-01', '트램폴린', '08:00~17:00 운영합니다', 'jump.jpg'),
(10002, '무선인터넷', '2020-01-01', '무선인터넷', '2.5G + 5G GiGA BIT 입니다 ', 'wifi.jpg'),
(10002, '산책로', '2020-01-01', '산책로', '피톤치드와 함께 힐링하세요', 'path.jpg'),
(10003, '화장실', '2019-01-01', '화장실', '매시간 관리되며 청결합니다', 'toilet.jpg'),
(10003, '온수', '2019-01-01', '온수', '매시간 관리되며 청결합니다', 'shower.jpg'),
(10003, '매점', '2019-01-01', '매점', '24시간 운영합니다', 'store.jpg'),
(10003, '물놀이장', '2019-01-01', '물놀이장', '08:00~17:00 운영합니다', 'pool.jpg'),
(10003, '트램폴린', '2019-01-01', '트램폴린', '08:00~17:00 운영합니다', 'jump.jpg'),
(10003, '무선인터넷', '2020-01-01', '무선인터넷', '2.5G + 5G GiGA BIT 입니다 ', 'wifi.jpg'),
(10003, '산책로', '2020-01-01', '산책로', '피톤치드와 함께 힐링하세요', 'path.jpg'),
(10004, '화장실', '2019-01-01', '화장실', '매시간 관리되며 청결합니다', 'toilet.jpg'),
(10004, '온수', '2019-01-01', '온수', '매시간 관리되며 청결합니다', 'shower.jpg'),
(10004, '매점', '2019-01-01', '매점', '24시간 운영합니다', 'store.jpg'),
(10004, '물놀이장', '2019-01-01', '물놀이장', '08:00~17:00 운영합니다', 'pool.jpg'),
(10004, '트램폴린', '2019-01-01', '트램폴린', '08:00~17:00 운영합니다', 'jump.jpg'),
(10004, '무선인터넷', '2020-01-01', '무선인터넷', '2.5G + 5G GiGA BIT 입니다 ', 'wifi.jpg'),
(10004, '산책로', '2020-01-01', '산책로', '피톤치드와 함께 힐링하세요', 'path.jpg'),
(10005, '화장실', '2019-01-01', '화장실', '매시간 관리되며 청결합니다', 'toilet.jpg'),
(10005, '온수', '2019-01-01', '온수', '매시간 관리되며 청결합니다', 'shower.jpg'),
(10005, '매점', '2019-01-01', '매점', '24시간 운영합니다', 'store.jpg'),
(10005, '물놀이장', '2019-01-01', '물놀이장', '08:00~17:00 운영합니다', 'pool.jpg'),
(10005, '트램폴린', '2019-01-01', '트램폴린', '08:00~17:00 운영합니다', 'jump.jpg'),
(10005, '무선인터넷', '2020-01-01', '무선인터넷', '2.5G + 5G GiGA BIT 입니다 ', 'wifi.jpg'),
(10005, '산책로', '2020-01-01', '산책로', '피톤치드와 함께 힐링하세요', 'path.jpg'),
(10006, '화장실', '2019-01-01', '화장실', '매시간 관리되며 청결합니다', 'toilet.jpg'),
(10006, '온수', '2019-01-01', '온수', '매시간 관리되며 청결합니다', 'shower.jpg'),
(10006, '매점', '2019-01-01', '매점', '24시간 운영합니다', 'store.jpg'),
(10006, '물놀이장', '2019-01-01', '물놀이장', '08:00~17:00 운영합니다', 'pool.jpg'),
(10006, '트램폴린', '2019-01-01', '트램폴린', '08:00~17:00 운영합니다', 'jump.jpg'),
(10006, '무선인터넷', '2020-01-01', '무선인터넷', '2.5G + 5G GiGA BIT 입니다 ', 'wifi.jpg'),
(10006, '산책로', '2020-01-01', '산책로', '피톤치드와 함께 힐링하세요', 'path.jpg'),
(10007, '화장실', '2019-01-01', '화장실', '매시간 관리되며 청결합니다', 'toilet.jpg'),
(10007, '온수', '2019-01-01', '온수', '매시간 관리되며 청결합니다', 'shower.jpg'),
(10007, '매점', '2019-01-01', '매점', '24시간 운영합니다', 'store.jpg'),
(10007, '물놀이장', '2019-01-01', '물놀이장', '08:00~17:00 운영합니다', 'pool.jpg'),
(10007, '트램폴린', '2019-01-01', '트램폴린', '08:00~17:00 운영합니다', 'jump.jpg'),
(10007, '무선인터넷', '2020-01-01', '무선인터넷', '2.5G + 5G GiGA BIT 입니다 ', 'wifi.jpg'),
(10007, '산책로', '2020-01-01', '산책로', '피톤치드와 함께 힐링하세요', 'path.jpg'),
(10008, '화장실', '2019-01-01', '화장실', '매시간 관리되며 청결합니다', 'toilet.jpg'),
(10008, '온수', '2019-01-01', '온수', '매시간 관리되며 청결합니다', 'shower.jpg'),
(10008, '매점', '2019-01-01', '매점', '24시간 운영합니다', 'store.jpg'),
(10008, '물놀이장', '2019-01-01', '물놀이장', '08:00~17:00 운영합니다', 'pool.jpg'),
(10008, '트램폴린', '2019-01-01', '트램폴린', '08:00~17:00 운영합니다', 'jump.jpg'),
(10008, '무선인터넷', '2020-01-01', '무선인터넷', '2.5G + 5G GiGA BIT 입니다 ', 'wifi.jpg'),
(10008, '산책로', '2020-01-01', '산책로', '피톤치드와 함께 힐링하세요', 'path.jpg'),
(10009, '화장실', '2019-01-01', '화장실', '매시간 관리되며 청결합니다', 'toilet.jpg'),
(10009, '온수', '2019-01-01', '온수', '매시간 관리되며 청결합니다', 'shower.jpg'),
(10009, '매점', '2019-01-01', '매점', '24시간 운영합니다', 'store.jpg'),
(10009, '물놀이장', '2019-01-01', '물놀이장', '08:00~17:00 운영합니다', 'pool.jpg'),
(10009, '트램폴린', '2019-01-01', '트램폴린', '08:00~17:00 운영합니다', 'jump.jpg'),
(10009, '무선인터넷', '2020-01-01', '무선인터넷', '2.5G + 5G GiGA BIT 입니다 ', 'wifi.jpg'),
(10009, '산책로', '2020-01-01', '산책로', '피톤치드와 함께 힐링하세요', 'path.jpg'),
(10010, '화장실', '2019-01-01', '화장실', '매시간 관리되며 청결합니다', 'toilet.jpg'),
(10010, '온수', '2019-01-01', '온수', '매시간 관리되며 청결합니다', 'shower.jpg'),
(10010, '매점', '2019-01-01', '매점', '24시간 운영합니다', 'store.jpg'),
(10010, '물놀이장', '2019-01-01', '물놀이장', '08:00~17:00 운영합니다', 'pool.jpg'),
(10010, '트램폴린', '2019-01-01', '트램폴린', '08:00~17:00 운영합니다', 'jump.jpg'),
(10010, '무선인터넷', '2020-01-01', '무선인터넷', '2.5G + 5G GiGA BIT 입니다 ', 'wifi.jpg'),
(10010, '산책로', '2020-01-01', '산책로', '피톤치드와 함께 힐링하세요', 'path.jpg'),
(10011, '화장실', '2019-01-01', '화장실', '매시간 관리되며 청결합니다', 'toilet.jpg'),
(10011, '온수', '2019-01-01', '온수', '매시간 관리되며 청결합니다', 'shower.jpg'),
(10011, '매점', '2019-01-01', '매점', '24시간 운영합니다', 'store.jpg'),
(10011, '물놀이장', '2019-01-01', '물놀이장', '08:00~17:00 운영합니다', 'pool.jpg'),
(10011, '트램폴린', '2019-01-01', '트램폴린', '08:00~17:00 운영합니다', 'jump.jpg'),
(10011, '무선인터넷', '2020-01-01', '무선인터넷', '2.5G + 5G GiGA BIT 입니다 ', 'wifi.jpg'),
(10011, '산책로', '2020-01-01', '산책로', '피톤치드와 함께 힐링하세요', 'path.jpg'),
(10012, '화장실', '2019-01-01', '화장실', '매시간 관리되며 청결합니다', 'toilet.jpg'),
(10012, '온수', '2019-01-01', '온수', '매시간 관리되며 청결합니다', 'shower.jpg'),
(10012, '매점', '2019-01-01', '매점', '24시간 운영합니다', 'store.jpg'),
(10012, '물놀이장', '2019-01-01', '물놀이장', '08:00~17:00 운영합니다', 'pool.jpg'),
(10012, '트램폴린', '2019-01-01', '트램폴린', '08:00~17:00 운영합니다', 'jump.jpg'),
(10012, '무선인터넷', '2020-01-01', '무선인터넷', '2.5G + 5G GiGA BIT 입니다 ', 'wifi.jpg'),
(10012, '산책로', '2020-01-01', '산책로', '피톤치드와 함께 힐링하세요', 'path.jpg'),
(10013, '화장실', '2019-01-01', '화장실', '매시간 관리되며 청결합니다', 'toilet.jpg'),
(10013, '온수', '2019-01-01', '온수', '매시간 관리되며 청결합니다', 'shower.jpg'),
(10013, '매점', '2019-01-01', '매점', '24시간 운영합니다', 'store.jpg'),
(10013, '물놀이장', '2019-01-01', '물놀이장', '08:00~17:00 운영합니다', 'pool.jpg'),
(10013, '트램폴린', '2019-01-01', '트램폴린', '08:00~17:00 운영합니다', 'jump.jpg'),
(10013, '무선인터넷', '2020-01-01', '무선인터넷', '2.5G + 5G GiGA BIT 입니다 ', 'wifi.jpg'),
(10013, '산책로', '2020-01-01', '산책로', '피톤치드와 함께 힐링하세요', 'path.jpg'),
(10014, '화장실', '2019-01-01', '화장실', '매시간 관리되며 청결합니다', 'toilet.jpg'),
(10014, '온수', '2019-01-01', '온수', '매시간 관리되며 청결합니다', 'shower.jpg'),
(10014, '매점', '2019-01-01', '매점', '24시간 운영합니다', 'store.jpg'),
(10014, '물놀이장', '2019-01-01', '물놀이장', '08:00~17:00 운영합니다', 'pool.jpg'),
(10014, '트램폴린', '2019-01-01', '트램폴린', '08:00~17:00 운영합니다', 'jump.jpg'),
(10014, '무선인터넷', '2020-01-01', '무선인터넷', '2.5G + 5G GiGA BIT 입니다 ', 'wifi.jpg'),
(10014, '산책로', '2020-01-01', '산책로', '피톤치드와 함께 힐링하세요', 'path.jpg'),
(10015, '화장실', '2019-01-01', '화장실', '매시간 관리되며 청결합니다', 'toilet.jpg'),
(10015, '온수', '2019-01-01', '온수', '매시간 관리되며 청결합니다', 'shower.jpg'),
(10015, '매점', '2019-01-01', '매점', '24시간 운영합니다', 'store.jpg'),
(10015, '물놀이장', '2019-01-01', '물놀이장', '08:00~17:00 운영합니다', 'pool.jpg'),
(10015, '트램폴린', '2019-01-01', '트램폴린', '08:00~17:00 운영합니다', 'jump.jpg'),
(10015, '무선인터넷', '2020-01-01', '무선인터넷', '2.5G + 5G GiGA BIT 입니다 ', 'wifi.jpg'),
(10015, '산책로', '2020-01-01', '산책로', '피톤치드와 함께 힐링하세요', 'path.jpg'),
(10016, '화장실', '2019-01-01', '화장실', '매시간 관리되며 청결합니다', 'toilet.jpg'),
(10016, '온수', '2019-01-01', '온수', '매시간 관리되며 청결합니다', 'shower.jpg'),
(10016, '매점', '2019-01-01', '매점', '24시간 운영합니다', 'store.jpg'),
(10016, '물놀이장', '2019-01-01', '물놀이장', '08:00~17:00 운영합니다', 'pool.jpg'),
(10016, '트램폴린', '2019-01-01', '트램폴린', '08:00~17:00 운영합니다', 'jump.jpg'),
(10016, '무선인터넷', '2020-01-01', '무선인터넷', '2.5G + 5G GiGA BIT 입니다 ', 'wifi.jpg'),
(10016, '산책로', '2020-01-01', '산책로', '피톤치드와 함께 힐링하세요', 'path.jpg'),
(10017, '화장실', '2019-01-01', '화장실', '매시간 관리되며 청결합니다', 'toilet.jpg'),
(10017, '온수', '2019-01-01', '온수', '매시간 관리되며 청결합니다', 'shower.jpg'),
(10017, '매점', '2019-01-01', '매점', '24시간 운영합니다', 'store.jpg'),
(10017, '물놀이장', '2019-01-01', '물놀이장', '08:00~17:00 운영합니다', 'pool.jpg'),
(10017, '트램폴린', '2019-01-01', '트램폴린', '08:00~17:00 운영합니다', 'jump.jpg'),
(10017, '무선인터넷', '2020-01-01', '무선인터넷', '2.5G + 5G GiGA BIT 입니다 ', 'wifi.jpg'),
(10017, '산책로', '2020-01-01', '산책로', '피톤치드와 함께 힐링하세요', 'path.jpg'),
(10018, '화장실', '2019-01-01', '화장실', '매시간 관리되며 청결합니다', 'toilet.jpg'),
(10018, '온수', '2019-01-01', '온수', '매시간 관리되며 청결합니다', 'shower.jpg'),
(10018, '매점', '2019-01-01', '매점', '24시간 운영합니다', 'store.jpg'),
(10018, '물놀이장', '2019-01-01', '물놀이장', '08:00~17:00 운영합니다', 'pool.jpg'),
(10018, '트램폴린', '2019-01-01', '트램폴린', '08:00~17:00 운영합니다', 'jump.jpg'),
(10018, '무선인터넷', '2020-01-01', '무선인터넷', '2.5G + 5G GiGA BIT 입니다 ', 'wifi.jpg'),
(10018, '산책로', '2020-01-01', '산책로', '피톤치드와 함께 힐링하세요', 'path.jpg'),
(10019, '화장실', '2019-01-01', '화장실', '매시간 관리되며 청결합니다', 'toilet.jpg'),
(10019, '온수', '2019-01-01', '온수', '매시간 관리되며 청결합니다', 'shower.jpg'),
(10019, '매점', '2019-01-01', '매점', '24시간 운영합니다', 'store.jpg'),
(10019, '물놀이장', '2019-01-01', '물놀이장', '08:00~17:00 운영합니다', 'pool.jpg'),
(10019, '트램폴린', '2019-01-01', '트램폴린', '08:00~17:00 운영합니다', 'jump.jpg'),
(10019, '무선인터넷', '2020-01-01', '무선인터넷', '2.5G + 5G GiGA BIT 입니다 ', 'wifi.jpg'),
(10019, '산책로', '2020-01-01', '산책로', '피톤치드와 함께 힐링하세요', 'path.jpg'),
(10020, '화장실', '2019-01-01', '화장실', '매시간 관리되며 청결합니다', 'toilet.jpg'),
(10020, '온수', '2019-01-01', '온수', '매시간 관리되며 청결합니다', 'shower.jpg'),
(10020, '매점', '2019-01-01', '매점', '24시간 운영합니다', 'store.jpg'),
(10020, '물놀이장', '2019-01-01', '물놀이장', '08:00~17:00 운영합니다', 'pool.jpg'),
(10020, '트램폴린', '2019-01-01', '트램폴린', '08:00~17:00 운영합니다', 'jump.jpg'),
(10020, '무선인터넷', '2020-01-01', '무선인터넷', '2.5G + 5G GiGA BIT 입니다 ', 'wifi.jpg'),
(10020, '산책로', '2020-01-01', '산책로', '피톤치드와 함께 힐링하세요', 'path.jpg'),
(10021, '화장실', '2019-01-01', '화장실', '매시간 관리되며 청결합니다', 'toilet.jpg'),
(10021, '온수', '2019-01-01', '온수', '매시간 관리되며 청결합니다', 'shower.jpg'),
(10021, '매점', '2019-01-01', '매점', '24시간 운영합니다', 'store.jpg'),
(10021, '물놀이장', '2019-01-01', '물놀이장', '08:00~17:00 운영합니다', 'pool.jpg'),
(10021, '트램폴린', '2019-01-01', '트램폴린', '08:00~17:00 운영합니다', 'jump.jpg'),
(10021, '무선인터넷', '2020-01-01', '무선인터넷', '2.5G + 5G GiGA BIT 입니다 ', 'wifi.jpg'),
(10021, '산책로', '2020-01-01', '산책로', '피톤치드와 함께 힐링하세요', 'path.jpg'),
(10022, '화장실', '2019-01-01', '화장실', '매시간 관리되며 청결합니다', 'toilet.jpg'),
(10022, '온수', '2019-01-01', '온수', '매시간 관리되며 청결합니다', 'shower.jpg'),
(10022, '매점', '2019-01-01', '매점', '24시간 운영합니다', 'store.jpg'),
(10022, '물놀이장', '2019-01-01', '물놀이장', '08:00~17:00 운영합니다', 'pool.jpg'),
(10022, '트램폴린', '2019-01-01', '트램폴린', '08:00~17:00 운영합니다', 'jump.jpg'),
(10022, '무선인터넷', '2020-01-01', '무선인터넷', '2.5G + 5G GiGA BIT 입니다 ', 'wifi.jpg'),
(10022, '산책로', '2020-01-01', '산책로', '피톤치드와 함께 힐링하세요', 'path.jpg');


INSERT INTO NOTICE
(camp_no, user_id, camp_name, notice_title, notice_content )
VALUES 
(10000, 'camp01@gamsung.site', '초안산캠핑장', '운영시간', '연중무휴 24시간 운영입니다'),
(10000, 'camp01@gamsung.site', '초안산캠핑장', '연락처', '010-4123-7456 으로 연락주세요. 08:00~22:00 까지 가능합니다'),
(10000, 'camp01@gamsung.site', '초안산캠핑장', '매점 이용시간', '08:00~23:00 까지 가능합니다'),
(10000, 'camp01@gamsung.site', '초안산캠핑장', '물놀이 이용시간', '08:00~17:00 까지 가능합니다'),
(10000, 'camp01@gamsung.site', '초안산캠핑장', '트렘폴린 이용시간', '08:00~17:00 까지 가능합니다'),
(10000, 'camp01@gamsung.site', '초안산캠핑장', '숯불바베큐 준비안내', '1시간 미리 연락주시면 준비가능합니다. 최고급재료로 식사에필요한 모든물품을 준비해드립니다.'),
(10000, 'camp01@gamsung.site', '초안산캠핑장', '화장실/샤워실', '동절기 (11월 1일 ~ 3월 31일) 까지는 동파방지를 위하여 22:00 이후 사용이 제한 될 수 있으니 문의 부탁드립니다.'),
(10001, 'camp02@gamsung.site', '무수아취', '운영시간', '연중무휴 24시간 운영입니다'),
(10001, 'camp02@gamsung.site', '무수아취', '연락처', '010-4123-7456 으로 연락주세요. 08:00~22:00 까지 가능합니다'),
(10001, 'camp02@gamsung.site', '무수아취', '매점 이용시간', '08:00~23:00 까지 가능합니다'),
(10001, 'camp02@gamsung.site', '무수아취', '물놀이 이용시간', '08:00~17:00 까지 가능합니다'),
(10001, 'camp02@gamsung.site', '무수아취', '트렘폴린 이용시간', '08:00~17:00 까지 가능합니다'),
(10001, 'camp02@gamsung.site', '무수아취', '숯불바베큐 준비안내', '1시간 미리 연락주시면 준비가능합니다. 최고급재료로 식사에필요한 모든물품을 준비해드립니다.'),
(10001, 'camp02@gamsung.site', '무수아취', '화장실/샤워실', '동절기 (11월 1일 ~ 3월 31일) 까지는 동파방지를 위하여 22:00 이후 사용이 제한 될 수 있으니 문의 부탁드립니다.'),
(10002, 'camp03@gamsung.site', '우이동 가족캠핑장', '운영시간', '연중무휴 24시간 운영입니다'),
(10002, 'camp03@gamsung.site', '우이동 가족캠핑장', '연락처', '010-4123-7456 으로 연락주세요. 08:00~22:00 까지 가능합니다'),
(10002, 'camp03@gamsung.site', '우이동 가족캠핑장', '매점 이용시간', '08:00~23:00 까지 가능합니다'),
(10002, 'camp03@gamsung.site', '우이동 가족캠핑장', '물놀이 이용시간', '08:00~17:00 까지 가능합니다'),
(10002, 'camp03@gamsung.site', '우이동 가족캠핑장', '트렘폴린 이용시간', '08:00~17:00 까지 가능합니다'),
(10002, 'camp03@gamsung.site', '우이동 가족캠핑장', '숯불바베큐 준비안내', '1시간 미리 연락주시면 준비가능합니다. 최고급재료로 식사에필요한 모든물품을 준비해드립니다.'),
(10002, 'camp03@gamsung.site', '우이동 가족캠핑장', '화장실/샤워실', '동절기 (11월 1일 ~ 3월 31일) 까지는 동파방지를 위하여 22:00 이후 사용이 제한 될 수 있으니 문의 부탁드립니다.'),
(10003, 'camp04@gamsung.site', '달콤한 캠핑장 ', '운영시간', '연중무휴 24시간 운영입니다'),
(10003, 'camp04@gamsung.site', '달콤한 캠핑장 ', '연락처', '010-4123-7456 으로 연락주세요. 08:00~22:00 까지 가능합니다'),
(10003, 'camp04@gamsung.site', '달콤한 캠핑장 ', '매점 이용시간', '08:00~23:00 까지 가능합니다'),
(10003, 'camp04@gamsung.site', '달콤한 캠핑장 ', '물놀이 이용시간', '08:00~17:00 까지 가능합니다'),
(10003, 'camp04@gamsung.site', '달콤한 캠핑장 ', '트렘폴린 이용시간', '08:00~17:00 까지 가능합니다'),
(10003, 'camp04@gamsung.site', '달콤한 캠핑장 ', '숯불바베큐 준비안내', '1시간 미리 연락주시면 준비가능합니다. 최고급재료로 식사에필요한 모든물품을 준비해드립니다.'),
(10003, 'camp04@gamsung.site', '달콤한 캠핑장 ', '화장실/샤워실', '동절기 (11월 1일 ~ 3월 31일) 까지는 동파방지를 위하여 22:00 이후 사용이 제한 될 수 있으니 문의 부탁드립니다.'),
(10004, 'camp05@gamsung.site', '미산분교 캠핑장 ', '운영시간', '연중무휴 24시간 운영입니다'),
(10004, 'camp05@gamsung.site', '미산분교 캠핑장 ', '연락처', '010-4123-7456 으로 연락주세요. 08:00~22:00 까지 가능합니다'),
(10004, 'camp05@gamsung.site', '미산분교 캠핑장 ', '매점 이용시간', '08:00~23:00 까지 가능합니다'),
(10004, 'camp05@gamsung.site', '미산분교 캠핑장 ', '물놀이 이용시간', '08:00~17:00 까지 가능합니다'),
(10004, 'camp05@gamsung.site', '미산분교 캠핑장 ', '트렘폴린 이용시간', '08:00~17:00 까지 가능합니다'),
(10004, 'camp05@gamsung.site', '미산분교 캠핑장 ', '숯불바베큐 준비안내', '1시간 미리 연락주시면 준비가능합니다. 최고급재료로 식사에필요한 모든물품을 준비해드립니다.'),
(10004, 'camp05@gamsung.site', '미산분교 캠핑장 ', '화장실/샤워실', '동절기 (11월 1일 ~ 3월 31일) 까지는 동파방지를 위하여 22:00 이후 사용이 제한 될 수 있으니 문의 부탁드립니다.'),
(10005, 'camp06@gamsung.site', '러빙네이쳐', '운영시간', '연중무휴 24시간 운영입니다'),
(10005, 'camp06@gamsung.site', '러빙네이쳐', '연락처', '010-4123-7456 으로 연락주세요. 08:00~22:00 까지 가능합니다'),
(10005, 'camp06@gamsung.site', '러빙네이쳐', '매점 이용시간', '08:00~23:00 까지 가능합니다'),
(10005, 'camp06@gamsung.site', '러빙네이쳐', '물놀이 이용시간', '08:00~17:00 까지 가능합니다'),
(10005, 'camp06@gamsung.site', '러빙네이쳐', '트렘폴린 이용시간', '08:00~17:00 까지 가능합니다'),
(10005, 'camp06@gamsung.site', '러빙네이쳐', '숯불바베큐 준비안내', '1시간 미리 연락주시면 준비가능합니다. 최고급재료로 식사에필요한 모든물품을 준비해드립니다.'),
(10005, 'camp06@gamsung.site', '러빙네이쳐', '화장실/샤워실', '동절기 (11월 1일 ~ 3월 31일) 까지는 동파방지를 위하여 22:00 이후 사용이 제한 될 수 있으니 문의 부탁드립니다.'),
(10006, 'camp07@gamsung.site', '청도글램핑 ', '운영시간', '연중무휴 24시간 운영입니다'),
(10006, 'camp07@gamsung.site', '청도글램핑 ', '연락처', '010-4123-7456 으로 연락주세요. 08:00~22:00 까지 가능합니다'),
(10006, 'camp07@gamsung.site', '청도글램핑 ', '매점 이용시간', '08:00~23:00 까지 가능합니다'),
(10006, 'camp07@gamsung.site', '청도글램핑 ', '물놀이 이용시간', '08:00~17:00 까지 가능합니다'),
(10006, 'camp07@gamsung.site', '청도글램핑 ', '트렘폴린 이용시간', '08:00~17:00 까지 가능합니다'),
(10006, 'camp07@gamsung.site', '청도글램핑 ', '숯불바베큐 준비안내', '1시간 미리 연락주시면 준비가능합니다. 최고급재료로 식사에필요한 모든물품을 준비해드립니다.'),
(10006, 'camp07@gamsung.site', '청도글램핑 ', '화장실/샤워실', '동절기 (11월 1일 ~ 3월 31일) 까지는 동파방지를 위하여 22:00 이후 사용이 제한 될 수 있으니 문의 부탁드립니다.'),
(10007, 'camp08@gamsung.site', '청도프로방스 카라반캠핑카펜션', '운영시간', '연중무휴 24시간 운영입니다'),
(10007, 'camp08@gamsung.site', '청도프로방스 카라반캠핑카펜션', '연락처', '010-4123-7456 으로 연락주세요. 08:00~22:00 까지 가능합니다'),
(10007, 'camp08@gamsung.site', '청도프로방스 카라반캠핑카펜션', '매점 이용시간', '08:00~23:00 까지 가능합니다'),
(10007, 'camp08@gamsung.site', '청도프로방스 카라반캠핑카펜션', '물놀이 이용시간', '08:00~17:00 까지 가능합니다'),
(10007, 'camp08@gamsung.site', '청도프로방스 카라반캠핑카펜션', '트렘폴린 이용시간', '08:00~17:00 까지 가능합니다'),
(10007, 'camp08@gamsung.site', '청도프로방스 카라반캠핑카펜션', '숯불바베큐 준비안내', '1시간 미리 연락주시면 준비가능합니다. 최고급재료로 식사에필요한 모든물품을 준비해드립니다.'),
(10007, 'camp08@gamsung.site', '청도프로방스 카라반캠핑카펜션', '화장실/샤워실', '동절기 (11월 1일 ~ 3월 31일) 까지는 동파방지를 위하여 22:00 이후 사용이 제한 될 수 있으니 문의 부탁드립니다.'),
(10008, 'camp09@gamsung.site', '바람숲야영장', '운영시간', '연중무휴 24시간 운영입니다'),
(10008, 'camp09@gamsung.site', '바람숲야영장', '연락처', '010-4123-7456 으로 연락주세요. 08:00~22:00 까지 가능합니다'),
(10008, 'camp09@gamsung.site', '바람숲야영장', '매점 이용시간', '08:00~23:00 까지 가능합니다'),
(10008, 'camp09@gamsung.site', '바람숲야영장', '물놀이 이용시간', '08:00~17:00 까지 가능합니다'),
(10008, 'camp09@gamsung.site', '바람숲야영장', '트렘폴린 이용시간', '08:00~17:00 까지 가능합니다'),
(10008, 'camp09@gamsung.site', '바람숲야영장', '숯불바베큐 준비안내', '1시간 미리 연락주시면 준비가능합니다. 최고급재료로 식사에필요한 모든물품을 준비해드립니다.'),
(10008, 'camp09@gamsung.site', '바람숲야영장', '화장실/샤워실', '동절기 (11월 1일 ~ 3월 31일) 까지는 동파방지를 위하여 22:00 이후 사용이 제한 될 수 있으니 문의 부탁드립니다.'),
(10009, 'camp10@gamsung.site', '대기농촌체험휴양마을 ', '운영시간', '연중무휴 24시간 운영입니다'),
(10009, 'camp10@gamsung.site', '대기농촌체험휴양마을 ', '연락처', '010-4123-7456 으로 연락주세요. 08:00~22:00 까지 가능합니다'),
(10009, 'camp10@gamsung.site', '대기농촌체험휴양마을 ', '매점 이용시간', '08:00~23:00 까지 가능합니다'),
(10009, 'camp10@gamsung.site', '대기농촌체험휴양마을 ', '물놀이 이용시간', '08:00~17:00 까지 가능합니다'),
(10009, 'camp10@gamsung.site', '대기농촌체험휴양마을 ', '트렘폴린 이용시간', '08:00~17:00 까지 가능합니다'),
(10009, 'camp10@gamsung.site', '대기농촌체험휴양마을 ', '숯불바베큐 준비안내', '1시간 미리 연락주시면 준비가능합니다. 최고급재료로 식사에필요한 모든물품을 준비해드립니다.'),
(10009, 'camp10@gamsung.site', '대기농촌체험휴양마을 ', '화장실/샤워실', '동절기 (11월 1일 ~ 3월 31일) 까지는 동파방지를 위하여 22:00 이후 사용이 제한 될 수 있으니 문의 부탁드립니다.'),
(10010, 'camp11@gamsung.site', '천하장사골야영장 ', '운영시간', '연중무휴 24시간 운영입니다'),
(10010, 'camp11@gamsung.site', '천하장사골야영장 ', '연락처', '010-4123-7456 으로 연락주세요. 08:00~22:00 까지 가능합니다'),
(10010, 'camp11@gamsung.site', '천하장사골야영장 ', '매점 이용시간', '08:00~23:00 까지 가능합니다'),
(10010, 'camp11@gamsung.site', '천하장사골야영장 ', '물놀이 이용시간', '08:00~17:00 까지 가능합니다'),
(10010, 'camp11@gamsung.site', '천하장사골야영장 ', '트렘폴린 이용시간', '08:00~17:00 까지 가능합니다'),
(10010, 'camp11@gamsung.site', '천하장사골야영장 ', '숯불바베큐 준비안내', '1시간 미리 연락주시면 준비가능합니다. 최고급재료로 식사에필요한 모든물품을 준비해드립니다.'),
(10010, 'camp11@gamsung.site', '천하장사골야영장 ', '화장실/샤워실', '동절기 (11월 1일 ~ 3월 31일) 까지는 동파방지를 위하여 22:00 이후 사용이 제한 될 수 있으니 문의 부탁드립니다.'),
(10011, 'camp12@gamsung.site', '한별 도그파크', '운영시간', '연중무휴 24시간 운영입니다'),
(10011, 'camp12@gamsung.site', '한별 도그파크', '연락처', '010-4123-7456 으로 연락주세요. 08:00~22:00 까지 가능합니다'),
(10011, 'camp12@gamsung.site', '한별 도그파크', '매점 이용시간', '08:00~23:00 까지 가능합니다'),
(10011, 'camp12@gamsung.site', '한별 도그파크', '물놀이 이용시간', '08:00~17:00 까지 가능합니다'),
(10011, 'camp12@gamsung.site', '한별 도그파크', '트렘폴린 이용시간', '08:00~17:00 까지 가능합니다'),
(10011, 'camp12@gamsung.site', '한별 도그파크', '숯불바베큐 준비안내', '1시간 미리 연락주시면 준비가능합니다. 최고급재료로 식사에필요한 모든물품을 준비해드립니다.'),
(10011, 'camp12@gamsung.site', '한별 도그파크', '화장실/샤워실', '동절기 (11월 1일 ~ 3월 31일) 까지는 동파방지를 위하여 22:00 이후 사용이 제한 될 수 있으니 문의 부탁드립니다.'),
(10012, 'camp13@gamsung.site', '숲내음카라반캠핑장', '운영시간', '연중무휴 24시간 운영입니다'),
(10012, 'camp13@gamsung.site', '숲내음카라반캠핑장', '연락처', '010-4123-7456 으로 연락주세요. 08:00~22:00 까지 가능합니다'),
(10012, 'camp13@gamsung.site', '숲내음카라반캠핑장', '매점 이용시간', '08:00~23:00 까지 가능합니다'),
(10012, 'camp13@gamsung.site', '숲내음카라반캠핑장', '물놀이 이용시간', '08:00~17:00 까지 가능합니다'),
(10012, 'camp13@gamsung.site', '숲내음카라반캠핑장', '트렘폴린 이용시간', '08:00~17:00 까지 가능합니다'),
(10012, 'camp13@gamsung.site', '숲내음카라반캠핑장', '숯불바베큐 준비안내', '1시간 미리 연락주시면 준비가능합니다. 최고급재료로 식사에필요한 모든물품을 준비해드립니다.'),
(10012, 'camp13@gamsung.site', '숲내음카라반캠핑장', '화장실/샤워실', '동절기 (11월 1일 ~ 3월 31일) 까지는 동파방지를 위하여 22:00 이후 사용이 제한 될 수 있으니 문의 부탁드립니다.'),
(10013, 'camp14@gamsung.site', '완주소양캠핑장 ', '운영시간', '연중무휴 24시간 운영입니다'),
(10013, 'camp14@gamsung.site', '완주소양캠핑장 ', '연락처', '010-4123-7456 으로 연락주세요. 08:00~22:00 까지 가능합니다'),
(10013, 'camp14@gamsung.site', '완주소양캠핑장 ', '매점 이용시간', '08:00~23:00 까지 가능합니다'),
(10013, 'camp14@gamsung.site', '완주소양캠핑장 ', '물놀이 이용시간', '08:00~17:00 까지 가능합니다'),
(10013, 'camp14@gamsung.site', '완주소양캠핑장 ', '트렘폴린 이용시간', '08:00~17:00 까지 가능합니다'),
(10013, 'camp14@gamsung.site', '완주소양캠핑장 ', '숯불바베큐 준비안내', '1시간 미리 연락주시면 준비가능합니다. 최고급재료로 식사에필요한 모든물품을 준비해드립니다.'),
(10013, 'camp14@gamsung.site', '완주소양캠핑장 ', '화장실/샤워실', '동절기 (11월 1일 ~ 3월 31일) 까지는 동파방지를 위하여 22:00 이후 사용이 제한 될 수 있으니 문의 부탁드립니다.'),
(10014, 'camp15@gamsung.site', '방길낚시캠핑장', '운영시간', '연중무휴 24시간 운영입니다'),
(10014, 'camp15@gamsung.site', '방길낚시캠핑장', '연락처', '010-4123-7456 으로 연락주세요. 08:00~22:00 까지 가능합니다'),
(10014, 'camp15@gamsung.site', '방길낚시캠핑장', '매점 이용시간', '08:00~23:00 까지 가능합니다'),
(10014, 'camp15@gamsung.site', '방길낚시캠핑장', '물놀이 이용시간', '08:00~17:00 까지 가능합니다'),
(10014, 'camp15@gamsung.site', '방길낚시캠핑장', '트렘폴린 이용시간', '08:00~17:00 까지 가능합니다'),
(10014, 'camp15@gamsung.site', '방길낚시캠핑장', '숯불바베큐 준비안내', '1시간 미리 연락주시면 준비가능합니다. 최고급재료로 식사에필요한 모든물품을 준비해드립니다.'),
(10014, 'camp15@gamsung.site', '방길낚시캠핑장', '화장실/샤워실', '동절기 (11월 1일 ~ 3월 31일) 까지는 동파방지를 위하여 22:00 이후 사용이 제한 될 수 있으니 문의 부탁드립니다.'),
(10015, 'camp16@gamsung.site', '라온 글램핑 ', '운영시간', '연중무휴 24시간 운영입니다'),
(10015, 'camp16@gamsung.site', '라온 글램핑 ', '연락처', '010-4123-7456 으로 연락주세요. 08:00~22:00 까지 가능합니다'),
(10015, 'camp16@gamsung.site', '라온 글램핑 ', '매점 이용시간', '08:00~23:00 까지 가능합니다'),
(10015, 'camp16@gamsung.site', '라온 글램핑 ', '물놀이 이용시간', '08:00~17:00 까지 가능합니다'),
(10015, 'camp16@gamsung.site', '라온 글램핑 ', '트렘폴린 이용시간', '08:00~17:00 까지 가능합니다'),
(10015, 'camp16@gamsung.site', '라온 글램핑 ', '숯불바베큐 준비안내', '1시간 미리 연락주시면 준비가능합니다. 최고급재료로 식사에필요한 모든물품을 준비해드립니다.'),
(10015, 'camp16@gamsung.site', '라온 글램핑 ', '화장실/샤워실', '동절기 (11월 1일 ~ 3월 31일) 까지는 동파방지를 위하여 22:00 이후 사용이 제한 될 수 있으니 문의 부탁드립니다.'),
(10016, 'camp17@gamsung.site', '광산구 국민여가 친환경 오토캠핑장', '운영시간', '연중무휴 24시간 운영입니다'),
(10016, 'camp17@gamsung.site', '광산구 국민여가 친환경 오토캠핑장', '연락처', '010-4123-7456 으로 연락주세요. 08:00~22:00 까지 가능합니다'),
(10016, 'camp17@gamsung.site', '광산구 국민여가 친환경 오토캠핑장', '매점 이용시간', '08:00~23:00 까지 가능합니다'),
(10016, 'camp17@gamsung.site', '광산구 국민여가 친환경 오토캠핑장', '물놀이 이용시간', '08:00~17:00 까지 가능합니다'),
(10016, 'camp17@gamsung.site', '광산구 국민여가 친환경 오토캠핑장', '트렘폴린 이용시간', '08:00~17:00 까지 가능합니다'),
(10016, 'camp17@gamsung.site', '광산구 국민여가 친환경 오토캠핑장', '숯불바베큐 준비안내', '1시간 미리 연락주시면 준비가능합니다. 최고급재료로 식사에필요한 모든물품을 준비해드립니다.'),
(10016, 'camp17@gamsung.site', '광산구 국민여가 친환경 오토캠핑장', '화장실/샤워실', '동절기 (11월 1일 ~ 3월 31일) 까지는 동파방지를 위하여 22:00 이후 사용이 제한 될 수 있으니 문의 부탁드립니다.'),
(10017, 'camp18@gamsung.site', '슬로우위켄드', '운영시간', '연중무휴 24시간 운영입니다'),
(10017, 'camp18@gamsung.site', '슬로우위켄드', '연락처', '010-4123-7456 으로 연락주세요. 08:00~22:00 까지 가능합니다'),
(10017, 'camp18@gamsung.site', '슬로우위켄드', '매점 이용시간', '08:00~23:00 까지 가능합니다'),
(10017, 'camp18@gamsung.site', '슬로우위켄드', '물놀이 이용시간', '08:00~17:00 까지 가능합니다'),
(10017, 'camp18@gamsung.site', '슬로우위켄드', '트렘폴린 이용시간', '08:00~17:00 까지 가능합니다'),
(10017, 'camp18@gamsung.site', '슬로우위켄드', '숯불바베큐 준비안내', '1시간 미리 연락주시면 준비가능합니다. 최고급재료로 식사에필요한 모든물품을 준비해드립니다.'),
(10017, 'camp18@gamsung.site', '슬로우위켄드', '화장실/샤워실', '동절기 (11월 1일 ~ 3월 31일) 까지는 동파방지를 위하여 22:00 이후 사용이 제한 될 수 있으니 문의 부탁드립니다.'),
(10018, 'camp19@gamsung.site', '도레미 캠핑장 ', '운영시간', '연중무휴 24시간 운영입니다'),
(10018, 'camp19@gamsung.site', '도레미 캠핑장 ', '연락처', '010-4123-7456 으로 연락주세요. 08:00~22:00 까지 가능합니다'),
(10018, 'camp19@gamsung.site', '도레미 캠핑장 ', '매점 이용시간', '08:00~23:00 까지 가능합니다'),
(10018, 'camp19@gamsung.site', '도레미 캠핑장 ', '물놀이 이용시간', '08:00~17:00 까지 가능합니다'),
(10018, 'camp19@gamsung.site', '도레미 캠핑장 ', '트렘폴린 이용시간', '08:00~17:00 까지 가능합니다'),
(10018, 'camp19@gamsung.site', '도레미 캠핑장 ', '숯불바베큐 준비안내', '1시간 미리 연락주시면 준비가능합니다. 최고급재료로 식사에필요한 모든물품을 준비해드립니다.'),
(10018, 'camp19@gamsung.site', '도레미 캠핑장 ', '화장실/샤워실', '동절기 (11월 1일 ~ 3월 31일) 까지는 동파방지를 위하여 22:00 이후 사용이 제한 될 수 있으니 문의 부탁드립니다.'),
(10019, 'camp20@gamsung.site', '파이브스톤즈가든', '운영시간', '연중무휴 24시간 운영입니다'),
(10019, 'camp20@gamsung.site', '파이브스톤즈가든', '연락처', '010-4123-7456 으로 연락주세요. 08:00~22:00 까지 가능합니다'),
(10019, 'camp20@gamsung.site', '파이브스톤즈가든', '매점 이용시간', '08:00~23:00 까지 가능합니다'),
(10019, 'camp20@gamsung.site', '파이브스톤즈가든', '물놀이 이용시간', '08:00~17:00 까지 가능합니다'),
(10019, 'camp20@gamsung.site', '파이브스톤즈가든', '트렘폴린 이용시간', '08:00~17:00 까지 가능합니다'),
(10019, 'camp20@gamsung.site', '파이브스톤즈가든', '숯불바베큐 준비안내', '1시간 미리 연락주시면 준비가능합니다. 최고급재료로 식사에필요한 모든물품을 준비해드립니다.'),
(10019, 'camp20@gamsung.site', '파이브스톤즈가든', '화장실/샤워실', '동절기 (11월 1일 ~ 3월 31일) 까지는 동파방지를 위하여 22:00 이후 사용이 제한 될 수 있으니 문의 부탁드립니다.'),
(10020, 'camp21@gamsung.site', '네이스트 프라이빗 음성', '운영시간', '연중무휴 24시간 운영입니다'),
(10020, 'camp21@gamsung.site', '네이스트 프라이빗 음성', '연락처', '010-4123-7456 으로 연락주세요. 08:00~22:00 까지 가능합니다'),
(10020, 'camp21@gamsung.site', '네이스트 프라이빗 음성', '매점 이용시간', '08:00~23:00 까지 가능합니다'),
(10020, 'camp21@gamsung.site', '네이스트 프라이빗 음성', '물놀이 이용시간', '08:00~17:00 까지 가능합니다'),
(10020, 'camp21@gamsung.site', '네이스트 프라이빗 음성', '트렘폴린 이용시간', '08:00~17:00 까지 가능합니다'),
(10020, 'camp21@gamsung.site', '네이스트 프라이빗 음성', '숯불바베큐 준비안내', '1시간 미리 연락주시면 준비가능합니다. 최고급재료로 식사에필요한 모든물품을 준비해드립니다.'),
(10020, 'camp21@gamsung.site', '네이스트 프라이빗 음성', '화장실/샤워실', '동절기 (11월 1일 ~ 3월 31일) 까지는 동파방지를 위하여 22:00 이후 사용이 제한 될 수 있으니 문의 부탁드립니다.'),
(10021, 'camp22@gamsung.site', '별바라기 캠핑 펜션', '운영시간', '연중무휴 24시간 운영입니다'),
(10021, 'camp22@gamsung.site', '별바라기 캠핑 펜션', '연락처', '010-4123-7456 으로 연락주세요. 08:00~22:00 까지 가능합니다'),
(10021, 'camp22@gamsung.site', '별바라기 캠핑 펜션', '매점 이용시간', '08:00~23:00 까지 가능합니다'),
(10021, 'camp22@gamsung.site', '별바라기 캠핑 펜션', '물놀이 이용시간', '08:00~17:00 까지 가능합니다'),
(10021, 'camp22@gamsung.site', '별바라기 캠핑 펜션', '트렘폴린 이용시간', '08:00~17:00 까지 가능합니다'),
(10021, 'camp22@gamsung.site', '별바라기 캠핑 펜션', '숯불바베큐 준비안내', '1시간 미리 연락주시면 준비가능합니다. 최고급재료로 식사에필요한 모든물품을 준비해드립니다.'),
(10021, 'camp22@gamsung.site', '별바라기 캠핑 펜션', '화장실/샤워실', '동절기 (11월 1일 ~ 3월 31일) 까지는 동파방지를 위하여 22:00 이후 사용이 제한 될 수 있으니 문의 부탁드립니다.'),
(10022, 'camp23@gamsung.site', '하기숲 가족캠핑장', '운영시간', '연중무휴 24시간 운영입니다'),
(10022, 'camp23@gamsung.site', '하기숲 가족캠핑장', '연락처', '010-4123-7456 으로 연락주세요. 08:00~22:00 까지 가능합니다'),
(10022, 'camp23@gamsung.site', '하기숲 가족캠핑장', '매점 이용시간', '08:00~23:00 까지 가능합니다'),
(10022, 'camp23@gamsung.site', '하기숲 가족캠핑장', '물놀이 이용시간', '08:00~17:00 까지 가능합니다'),
(10022, 'camp23@gamsung.site', '하기숲 가족캠핑장', '트렘폴린 이용시간', '08:00~17:00 까지 가능합니다'),
(10022, 'camp23@gamsung.site', '하기숲 가족캠핑장', '숯불바베큐 준비안내', '1시간 미리 연락주시면 준비가능합니다. 최고급재료로 식사에필요한 모든물품을 준비해드립니다.'),
(10022, 'camp23@gamsung.site', '하기숲 가족캠핑장', '화장실/샤워실', '동절기 (11월 1일 ~ 3월 31일) 까지는 동파방지를 위하여 22:00 이후 사용이 제한 될 수 있으니 문의 부탁드립니다.');


INSERT INTO PAYMENT_CODE 
(payment_code_regNum, payment_code, payment_code_range_start, payment_code_range_end, payment_code_info, payment_code_fee)
VALUES
 (1, 'P0', 0, 0, '포인트 관리자', 0),
 (2, 'P1', 0, 0, '포인트 구매', 0),
 (3, 'P2', 0, 0, '포인트 출금', 20),
 (4, 'R0', 0, 0, '캠핑 관리자', 0),
 (5, 'R1', 0, 0, '캠핑 예약', 8),
 (6, 'R2', 0, 0, '캠핑 예약 변경', 8),
 (7, 'R3', 2, 2, '캠핑 예약환불 2일전', 50),
 (8, 'R4', 3, 3, '캠핑 예약환불 3일전', 40),
 (9, 'R5', 4, 4, '캠핑 예약환불 4일전', 30),
 (10, 'R6', 5, 5, '캠핑 예약환불 5일전', 20),
 (11, 'R7', 6, 6, '캠핑 예약환불 6일전', 10),
 (12, 'R8', 7, 7, '캠핑 예약환불 7일전', 0),
 (13, 'A0', 0, 0, '경매 관리자', 0),
 (14, 'A1', 100, 100, '경매 A등급 상품등록 수수료' , 1),
 (15,'A2', 60, 99, '경매 B등급 상품등록 수수료' , 2),
 (16,'A3', 30, 59, '경매 C등급 상품등록 수수료' , 3),
 (17,'A4', 10, 29, '경매 D등급 상품등록 수수료' , 4),
 (18,'A5', 1, 9, '경매 E등급 상품등록 수수료' , 5),
 (19,'A6', 100, 100, '경매 A등급 중도철회 수수료' , 1),
 (20,'A7', 60, 99, '경매 B등급 중도철회 수수료' , 2),
 (21,'A8', 30, 59, '경매 C등급 중도철회 수수료' , 3),
 (22,'A9', 10, 29, '경매 D등급 중도철회 수수료' , 4),
 (23,'A10', 1, 9, '경매 E등급 중도철회 수수료' , 5),
 (24,'A11', 100, 100, '경매 A등급 경매확정 수수료' , 1),
 (25,'A12', 60, 99, '경매 B등급 경매확정 수수료' , 2),
 (26,'A13', 30, 59, '경매 C등급 경매확정 수수료' , 3),
 (27,'A14', 10, 29, '경매 D등급 경매확정 수수료' , 4),
 (28,'A15', 1, 9, '경매 E등급 경매확정 수수료' , 5),
 (29,'A16', 100, 100, '경매 A등급 낙찰취소 수수료' , 1),
 (30,'A17', 60, 99, '경매 B등급 낙찰취소 수수료' , 2),
 (31,'A18', 30, 59, '경매 C등급 낙찰취소 수수료' , 3),
 (32,'A19', 10, 29, '경매 D등급 낙찰취소 수수료' , 4),
 (33,'A20', 1, 9, '경매 E등급 낙찰취소 수수료' , 5),
 (34,'T0', 0, 0, '양도양수 관리자', 0),
 (35,'T1', 0, 0, '양도양수', 0); 
 

INSERT INTO REPORT_TABLE(report_name)
values
('캠핑장 신고'),
('경매 신고'),
('커뮤니티 신고'),
('예약 양도 신고'),
('이용 고객 신고');

INSERT INTO POST (user_id,post_type,post_title,post_content,post_reg_date,post_Img1,post_Img2,post_Img3,post_hashtag1,post_hashtag2,post_hashtag3,video,delete_flag) VALUES
	 ('user7@gamsung.com',1,'장비는 조금씩 천천히','캠핑장비는 고가의 풀세트를 구비하려면 수 백 만원을 호가할 수 있다.<br>꼭 필요한 장비는 한꺼번에 구입하지 말고 경험을 쌓으며 조금씩 구매하는 것이 좋다.<br>장비가 마련되면 캠핑업체나 동호회에서 진행하는 캠핑축제에 참가해 보는 것도 좋다. <br> 수백명의 캠퍼들이 모이는 장소에서 자연스럽게 그들의 장비노하우를 전수받을 수 있기 때문이다.<br> ','2022-01-17 21:44:35','ma1.jpg',NULL,NULL,'#글램핑','#장비','#감성캠핑',NULL,'N'),
	 ('user7@gamsung.com',1,'캠핑장에서 어려움에 처하면 즉시 도움을 청하라','갑작스런 비에 대한 대비책을 마련하는 것도 필요하다.<br>최근에는 스마트폰에 ''와글와글 캠핑스토리'' 등과 같은 어플을 다운받아 다양한 정보를 얻는 이들도 있다.<br> 캠핑장 검색에서 부터 이용후기까지 한 눈에 볼 수 있다.<br>오토캠핑장에 도착하면 가장 먼저 텐트를 쳐야 한다. 초보자들은 30분이면 족할 텐트치기에 2~3시간을 허비할 수 있다. <br>이렇게 되면 즐거워햐할 캠핑장이 짜증으로 바뀔 수 있다. 이럴 경우에는 바로 주변에 도움을 청하는것이 현명하다.<br>Tip.  근래 각종 TV프로그램에서 야생생활과 관련하여 방송을 하여 야생생활을 체험해 보려는 분들이 많다.<br> 그러나 야생생활이란것은 말처럼 쉽지가 않을 것이다.<br> TV프로그램 촬영때에도 각종 안전요원과 전문가들을 상주시켜놓고 촬영을 하는것이 관례이다. <br>처음부터 너무 욕심을 부리지 말고 오토캠핑장 등에서 충분히 연습과 경력을 쌓고 야생 생활에 도전해 보는것이 바람직 하다.<br>또한 처음 몇번은 경험이 풍부한 사람과 동행을 하고 너무 외진곳과 인적이 없는곳은 가급적 피하는 것이 좋다. <br>본인도 깊은 산중에서 멧돼지 떼와 밤새 씨름을 하느라고 즐거워야할 캠핑이 피곤으로 이어진 일이 몇번인가 있다.<br>','2022-01-17 21:44:35','ma2.jpg',NULL,NULL,'#캠핑','#도움','#캠핑매거진',NULL,'N'),
	 ('user7@gamsung.com',1,'초보 캠퍼가 준비해야할 장비들','→ 그라운드 시트 : 침낭, 텐트밑에 깔 그라운드시트와 등이 배기지 않기 위해 매트리스가 필요하다.<br> 매트리스는 한 번 장만하면 5년 이상 쓸 수 있으니 검증된 제품이 좋다. <br> 침낭은 백페킹(베낭 하나 메고 오지 등으로 혼자 떠나는 캠핑)의 경우 휴대가 간편한 머미형이 좋고 오토캠핑의 경우에는 사각형 침낭이 좋다. <br><br>- Tip : 혼자 여행시 짐의 부피를 줄이고자 그라운드시트나 메트리스를 빼 놓는 경우가 있다. <br>이럴땐 야생의 풀이나 나무의 잔가지를 베어다가 텐트나 침낭의 밑에 깔아주면 좋다.<br> <br>→ 랜턴과 화롯대 : 렌턴은 캠핑의 분위기를 살려줄 뿐 아니라 야간 이동시 필수적이다. <br>최근에는 LED랜턴이 많이 나온다. 화롯대 또한 가족이 모여 캠핑의 낭만을 즐길 수 있는 장비다.<br> <br>→ 기타 필수장비 : 요리에 필요한 버너, 코펠, 이이스박스, 캠핑의 하이라이트인 바비큐파티를 위한 그릴과 숯에 불을 붙일 토치, <br>편안한 휴식을 위한 테0이블과 레저용 체어 등도 필요하다. <br> <br> Tip : 백페킹의 경우에는 베낭, 침낭, 텐트, 버너, 코펠, 등산용 나이프, 로프, 랜턴, 라디오나 스마트폰, <br>우천시를 대비한 우의나 비닐, 야전삽, 휴대용 물통 등.<br>','2022-01-17 21:44:35','ma2.jpg',NULL,NULL,'#인생이란..','#후..','#캠핑초보',NULL,'N'),
	 ('user7@gamsung.com',2,'수도 시설·화장실은 되도록 멀리','캠핑 초보자들은 편의 시설과 가까운 곳에 자리를 잡는 걸 선호합니다.<br>하지만 제 생각은 다릅니다.<br>편리함을 생각해 가까운 곳에 자리를 잡게 되면 늦은 시간에 수도 시설과 화장실을 사용하는 이용객의 소음 때문에 잠들기 어려울 뿐만 아니라 각종 해충에 시달릴 확률이 높아요 !','2022-01-17 21:44:35','how3.jpg',NULL,NULL,'#캠핑','#캠핑초보','#캠핑팁',NULL,'N'),
	 ('user7@gamsung.com',2,'장작과 장작사이에 틈을 주세요','화로대에 장작을 넣을때는 사이사에 공기가 드나들 틈을 주세요.<br>마른 솔방울을 모아 불을 붙이거나 신문지를 물에 적셔 동그랗게 말은 후 햇볕에 바짝 말려 불쏘시개로 활용해주세요^___^','2022-01-17 21:44:35','how2.jpg',NULL,NULL,'#감성캠핑','캠핑팁','#장작',NULL,'N'),
	 ('user8@gamsung.com',2,'주차는 바람이 부는 방향으로 하세요','요즘 사이트 옆은 주차할 수 있도록 되있습니다.이때 주차는 바람이 불어오는 쪽이나 햇빛이 가려지지 않는쪽으로 주차를 하고 그 뒤로 텐트를 치면됩니다. 일단 차가 바람을 막아주니 그만큼 안전하겠죠? ','2022-01-17 21:44:35','how1.jpg',NULL,NULL,'#캠핑','#캠핑카','#주차',NULL,'N'),
	 ('user8@gamsung.com',3,'주말은 감성캠핑','주말은 재충전의 시간입니다.','2022-01-17 21:44:35','photo5.jpg',NULL,NULL,'#감성캠핑','#맑은공기','#텐트',NULL,'N'),
	 ('user8@gamsung.com',3,'태빈이랑 즐거운 주말','저희 태빈이 이번에 초등학교 입학합니다. 다들 축하해주세요 !! 박수 짝짝 !!','2022-01-17 21:44:35','photo4.jpg',NULL,NULL,'#캠핑','#가족여행','#텐트',NULL,'N'),
	 ('user8@gamsung.com',3,'인생은 캠핑캠사','어차피 한번 살다 갈 인생인 것을.. 좋아하는 캠핑 실컷다닐랍니다.','2022-01-17 21:44:35','photo3.jpg',NULL,NULL,'#감성캠핑','#인생','#캠핑캠사',NULL,'N'),
	 ('user9@gamsung.com',3,'창열이는 오늘도 캠핑 중','열심히 돈 벌어서 열심히 놀러다니고 있습니다. ','2022-01-17 21:44:35','photo2.jpg',NULL,NULL,'#캠핑','#감성','#창열이짱',NULL,'N');
INSERT INTO POST (user_id,post_type,post_title,post_content,post_reg_date,post_Img1,post_Img2,post_Img3,post_hashtag1,post_hashtag2,post_hashtag3,video,delete_flag) VALUES
	 ('user9@gamsung.com',3,'바베큐는 사랑입니다.','캠핑에는 역시 바베큐죠. 고기익어가는 냄새에 행복했습니다','2022-01-17 21:44:35','photo1.jpg',NULL,NULL,'#감성캠핑','#바베큐','#데이트',NULL,'N'),
	 ('user9@gamsung.com',4,'밤하늘 은하수','첫 동게캠핑이었는데 눈도 오고 바람도 불었지만 밤하늘에 보는 은하수가 너무 아름다워서 다 잊게 되네요. ','2022-01-17 21:44:35','report5.jpg',NULL,NULL,'#캠핑','#맑은공기','#텐트',NULL,'N'),
	 ('user10@gamsung.com',4,'카라반','텐트만 치다가 오랜만에 편하게 지내고 갑니다.','2022-01-17 21:44:35','report4.jpg',NULL,NULL,'#감성캠핑','#맑은공기','#카라반',NULL,'N'),
	 ('user10@gamsung.com',4,'아늑하고 편안해요','설치되어있는 텐트 아늑하고 편안한데 이웃들도 조용해서 편안하고 너무 좋았어요','2022-01-17 21:44:35','report3.jpg',NULL,NULL,'#캠핑','#힐링','#텐트',NULL,'N'),
	 ('user12@gamsung.com',4,'힐링캠프','🏕 대구 바람숲 야영장 <br> 갈 때마다 기분좋은 곳입니다. 좋은 뷰에 힐링이 되네요.친절한 캠장까지 완벽해서 저만 알고싶은 곳이예요','2022-01-17 21:44:35','report2.jpg',NULL,NULL,'#감성캠핑','#데이트','#힐링',NULL,'N'),
	 ('user11@gamsung.com',4,'노을지는 순간','캠핑장 B사이트 노을지는 풍경을 바라보고있자니 모든 고민이 사라지네요.','2022-01-17 21:44:35','report1.jpg',NULL,NULL,'#캠핑','#감성','#노을',NULL,'N'),
	 ('user11@gamsung.com',5,'질문드립니다 ','❔ 2월 장박하고 싶습니다. 수지구청에서 1시간대로 혹시 아시는 곳 있을까요?','2022-01-17 21:44:35','question.jpg',NULL,NULL,'#캠핑','#2월장박','#질문',NULL,'N'),
	 ('user12@gamsung.com',5,'캠핑장비말리기 ❕❕❕❕','❔ 우중 캠핑 후에 장비 말리는 팁이 있을까요?. 장소가 마땅치가 않네요.🤷
<br>아파트 사시는 분들 장비 말리는 꿀팁 공유부탁드려요 !','2022-01-17 21:44:35','question.jpg',NULL,NULL,'#감성캠핑','#비말리기','#질문',NULL,'N'),
	 ('user12@gamsung.com',5,'실링팬 추천부탁드려요','❔  서큘레이터로 부족한 공기 순환 ㅠ_ㅠ 실링 팬 추천해주실 수 있나요? <br>자꾸 꺼져서 유선으로 찾고 있는데 무선? 유선 어떤걸 선호 하시나요?','2022-01-17 21:44:35','question.jpg',NULL,NULL,'#캠핑','#실링팬','#감성캠핑',NULL,'N'),
	 ('user12@gamsung.com',5,'이색적인 난로 캠핑요리','❔ 난로로 할 수 있는 캠핑요리 찾고 있는데 이색적인 난로캠핑요리가 어떤게 있을까요? ','2022-01-17 21:44:35','question.jpg',NULL,NULL,'#감성캠핑','#캠핑요리','#난로',NULL,'N');
INSERT INTO POST (user_id,post_type,post_title,post_content,post_reg_date,post_Img1,post_Img2,post_Img3,post_hashtag1,post_hashtag2,post_hashtag3,video,delete_flag) VALUES
	 ('user12@gamsung.com',5,'동계캠핑 갑니다 ','❔ 영하의 추운날씨에 캠핑을 가려고 합니다. 동계캠핑이 가능할까요? 우레탄창은 보통 몇개정도를 설치해야 춥지않으면서 뷰가 좋을까요?','2022-01-17 21:44:35','question.jpg',NULL,NULL,'#캠핑','#산','#바다',NULL,'N'),
	 ('user11@gamsung.com',4,'아이들과 즐거운 추억남겼습니다.','강원도에서 방문했던 캠핑장중에서 제일 좋았습니다.<br>따뜻한 물도 잘나오고 시설도 청결하고 깔끔했습니다.<br>아이들 체험학습할 수 있는 체험학습장도 근처에 있어서 아이들과 즐겁게 놀다올 수 었습니다.<br><br>아! 일출 일몰이 정말 최고였습니다.👍👍👍<br>미산분교 캠핑장 추천합니다.👍👍','2022-01-22 17:27:34','main7.jpg',NULL,NULL,'#감성캠핑','#가족여행','#강',NULL,'N'),
	 ('user10@gamsung.com',4,'즐거웠던 시간 ','작년 말 무수아취캠핑장을 방문했었습니다. <br>
맑은 공기에 친절한 캠장님 덕분에 즐거운 시간을 보낼 수 있었습니다. 
밤에 풀벌레소리에 기분좋게 잠들 수 있었습니다. ','2022-01-23 12:17:03','308841daf09e4869b4e32e205bfc51fb.jpg',NULL,NULL,'#캠핑','#즐거운시간','#기록',NULL,'Y');

INSERT INTO COMMENT (post_no,user_id,comment_content,comment_reg_date,delete_flag) VALUES
	 (1,'user8@gamsung.com','안그래도 캠핑에 관심을 가지게 된 후에 장비 욕심이 많이 생겼는데 당분간은 자제해야겠네요 ^^;','2022-01-22 18:21:05','N'),
	 (2,'user10@gamsung.com','우중캠핑 분위기있을 것 같아서 꼭 한번 가보고싶었어요','2022-01-22 18:21:05','N'),
	 (2,'user8@gamsung.com','그쵸 캠핑하러가서 힘들고 예민해서 싸운 경우가 많아요','2022-01-22 18:21:05','N'),
	 (2,'user9@gamsung.com','우와 .. 멧돼지라니 엄청난 경험을 하셨네요','2022-01-22 18:21:05','N'),
	 (3,'user8@gamsung.com','요새 랜턴이 인기가 많더라구요. 구하기도 힘든것 같아요. ','2022-01-22 18:21:05','N'),
	 (3,'user9@gamsung.com','좋은 정보 감사합니다 ^^❤','2022-01-22 18:21:05','N'),
	 (3,'user10@gamsung.com','퍼가요~❤','2022-01-22 18:21:05','N'),
	 (4,'user9@gamsung.com','너무 좋은 팁인데요? 참','2022-01-22 18:21:05','N'),
	 (4,'user8@gamsung.com','제가 딱 그 캠핑초보자네요 ㅎㅎ','2022-01-22 18:21:05','N'),
	 (5,'user9@gamsung.com','장작과 장작사이에는 틈을 줘야한다! 무릎 탁!','2022-01-22 18:21:05','N');
INSERT INTO COMMENT (post_no,user_id,comment_content,comment_reg_date,delete_flag) VALUES
	 (5,'user8@gamsung.com','신문지를 저렇게 활용할 수 있는거군요 ?','2022-01-22 18:21:05','N'),
	 (6,'user7@gamsung.com','일단 차가 없습니다... 캠핑카 사고싶어요 ㅠ3ㅠ','2022-01-22 18:21:05','N'),
	 (6,'user10@gamsung.com','너무 좋은 정보네요 참고하겠습니다! ','2022-01-22 18:22:12','N'),
	 (6,'user9@gamsung.com','텐트가 바람에 휘청거린적이많았는데 진작 이글을 읽었더라면...','2022-01-22 18:22:12','N'),
	 (7,'user9@gamsung.com','월요일이 오는게 무섭습니다.','2022-01-22 18:22:12','N'),
	 (7,'user10@gamsung.com','제대로 재충전하셨나봅니다 😊','2022-01-22 18:22:12','N'),
	 (8,'user7@gamsung.com','초등학교 입학을 축하합니다 😍','2022-01-22 18:22:12','N'),
	 (8,'user8@gamsung.com','아이가 정말 좋아했을 것 같아요 ❤❤','2022-01-22 18:22:12','N'),
	 (8,'user9@gamsung.com','조카랑 놀아주시는 모습이 너무 보기 좋네요.','2022-01-22 18:22:12','N'),
	 (9,'user7@gamsung.com','인생은 캠핑캠사.. 배워갑니다..!','2022-01-22 18:22:12','N');
INSERT INTO COMMENT (post_no,user_id,comment_content,comment_reg_date,delete_flag) VALUES
	 (9,'user8@gamsung.com','그러게요. 인생 별거있나요 하핫..!','2022-01-22 18:22:12','N'),
	 (9,'user9@gamsung.com','저도 떠나고 싶어요','2022-01-22 18:22:12','N'),
	 (10,'user7@gamsung.com','창열아 나도 캠핑 같이가자! 나도 가고싶어!','2022-01-22 18:22:12','N'),
	 (10,'user8@gamsung.com','그래요 돈 벌어서 어디다씁니까 캠핑하는데 쓰지~','2022-01-22 18:22:12','N'),
	 (11,'user7@gamsung.com','고기는 사랑입니다.','2022-01-22 18:25:07','N'),
	 (11,'user8@gamsung.com','바베큐 너무너무 맛있어보여요 ❤❤','2022-01-22 18:25:07','N'),
	 (15,'user9@gamsung.com','뷰가 너무 좋은데요? 꼭 한번 가보고 싶어요 💙','2022-01-22 18:25:07','N'),
	 (15,'user8@gamsung.com','저도 여기 갔었는데 캠장님 너무 친절하시더라구요 !','2022-01-22 18:25:07','N'),
	 (15,'user11@gamsung.com','행복한 시간 보내신 것같아 너무 부럽습니다','2022-01-22 18:25:07','N'),
	 (21,'user7@gamsung.com','동계 캠핑 고생이지만 즐거운 추억이 되실거예요','2022-01-22 18:25:07','N');
INSERT INTO COMMENT (post_no,user_id,comment_content,comment_reg_date,delete_flag) VALUES
	 (21,'user8@gamsung.com','우레탄창은 한 두개정도면 되지않을까요?','2022-01-22 18:25:07','N'),
	 (21,'user9@gamsung.com','설치하기 나름아닐까싶습니다..','2022-01-22 18:25:07','N'),
	 (22,'user10@gamsung.com','너무 좋아보이는데요 ? 진짜 놀러가고싶어요!','2022-01-22 20:27:34','N'),
	 (15,'user10@gamsung.com','댓글을 등록해볼게요','2022-01-23 12:36:12','Y');
	 

INSERT INTO POST_CONCERN (delete_flag,user_id,post_no) VALUES
	 ('N','user1@gamsung.com',21),
	 ('N','user2@gamsung.com',21),
	 ('N','user1@gamsung.com',20),
	 ('N','user2@gamsung.com',20),
	 ('N','user1@gamsung.com',19),
	 ('N','user2@gamsung.com',19),
	 ('N','user3@gamsung.com',19),
	 ('N','user3@gamsung.com',18),
	 ('N','user1@gamsung.com',17),
	 ('N','user2@gamsung.com',17);
INSERT INTO POST_CONCERN (delete_flag,user_id,post_no) VALUES
	 ('N','user1@gamsung.com',16),
	 ('N','user2@gamsung.com',16),
	 ('N','user1@gamsung.com',15),
	 ('N','user2@gamsung.com',15),
	 ('N','user1@gamsung.com',14),
	 ('N','user5@gamsung.com',1),
	 ('N','user5@gamsung.com',13),
	 ('N','user9@gamsung.com',12),
	 ('N','user8@gamsung.com',11),
	 ('N','user6@gamsung.com',10);
INSERT INTO POST_CONCERN (delete_flag,user_id,post_no) VALUES
	 ('N','user6@gamsung.com',9),
	 ('N','user8@gamsung.com',8),
	 ('N','user6@gamsung.com',7),
	 ('N','user6@gamsung.com',6),
	 ('N','user5@gamsung.com',5),
	 ('N','user5@gamsung.com',4),
	 ('N','user4@gamsung.com',3),
	 ('N','user3@gamsung.com',2),
	 ('N','user10@gamsung.com',22),
	 ('N','user10@gamsung.com',21);
INSERT INTO POST_CONCERN (delete_flag,user_id,post_no) VALUES
	 ('N','user10@gamsung.com',20),
	 ('N','user10@gamsung.com',19),
	 ('N','user10@gamsung.com',18),
	 ('N','user10@gamsung.com',17);
INSERT INTO RECEIVE (transfer_no,user_id,transfer_ee_phone,receive_title,receive_content,receive_reg_date,receive_cancel_date,receive_status,delete_flag) VALUES
	 (5,'user1@gamsung.com','01012345678','취업준비생인 친구의 생일파티','제일 친한 친구예요 꼭 축하해주고 싶습니다.','2022-01-22 19:40:01',NULL,1,'N'),
	 (5,'user2@gamsung.com','01012345678','사랑하는 여동생의 취업축하파티','제가 백수라서 해줄 수 있는게 없네요.','2022-01-22 19:40:01',NULL,1,'N'),
	 (5,'user3@gamsung.com','01012345678','이번년도에는 놀러가고싶어요','그동안 일하느라 너무 힘들었어요','2022-01-22 19:40:01',NULL,1,'N');
	 INSERT INTO TRANSFER (user_id,reservation_no,transfer_camp_area,transfer_camp_name,transfer_mainsite_type,transfer_camp_call,transfer_start_date,transfer_end_date,transfer_use_num,transfer_price,transfer_title,transfer_content,transfer_add_content,transfer_reg_date,transfer_status,transfer_payment_img,delete_flag,transfer_hashtag1,transfer_hashtag2,transfer_hashtag3) VALUES
	 ('user1@gamsung.com',NULL,'대구 동구 팔공로230길 103 (진인동)','바람숲야영장','방갈로','0212345678','2022-02-03','2022-02-05',4,30000,'저는 양도를 하기 위해 태어났습니다.','제 삶의 목표를 이루고자 합니다','','2022-01-17 16:03:47',1,'b.jpg','N','#바람숲야영장','#감성캠핑','#방갈로'),
	 ('user8@gamsung.com',NULL,'경남 의령군 대의면 신전리 276,277','천하장사골야영장','자동차야영장  ','0555741109','2022-02-01','2022-02-07',5,0,'수녀가 되기로 해서 양도합니다.','아멘.','','2022-01-17 16:03:47',1,'b.jpg','N','#천하장사골야영장','#감성캠핑','#자동차야영장  '),
	 ('user9@gamsung.com',NULL,'서울시 노원구 월계동 750번지','초안산캠핑장','오토캠핑','0222896865','2022-02-07','2022-02-10',2,10000,'몸살이 나서 놀러가지 못하게되었습니다 ','지금 아프면 안되는데.. 속상하네요 ','세면도구는 따로 주지않는다고 합니다.','2022-01-17 16:03:47',1,'b.jpg','N','#초안산캠핑장','#감성캠핑','#오토캠핑'),
	 ('user11@gamsung.com',NULL,'서울 도봉구 도봉로169길 249 (도봉동)','무수아취캠핑장','팬션','029540249','2022-02-05','2022-02-11',4,50000,'남자친구랑 100일인걸 까먹고 ㅠ_ㅠ','양도한 돈으로 선물을 사야될 것 같습니다.ㅠ_ㅠ','','2022-01-17 16:03:47',1,'b.jpg','N','#무수아취캠핑장','#감성캠핑','#팬션'),
	 ('user7@gamsung.com',NULL,'서울 강북구 삼양로181길 28 (우이동)','우이동가족캠핑장','오토캠핑','0212345678','2022-02-11','2022-02-14',1,10000,'날짜를 잘못 예약했는데 취소가 안됩니다.','다시 예약해야할것같습니다.','','2022-01-17 16:03:47',2,'b.jpg','N','#우이동가족캠핑장','#감성캠핑','#오토캠핑'),
	 ('user9@gamsung.com',NULL,'강원도 홍천군 내촌면 와야리 807-2','달콤한캠핑장','카라반','0212345678','2022-02-15','2022-02-16',5,10000,'스님이 되기로 하여 캠핑장을 못가게 되었습니다.','나무아비타불관세음보살','','2022-01-17 16:03:47',1,'b.jpg','N','#달콤한캠핑장','#감성캠핑','#카라반'),
	 ('user9@gamsung.com',NULL,'강원도 인제군 상남면 미산리 376-6','미산분교 캠핑장','오토캠핑','01020136096','2022-02-10','2022-02-13',7,15000,'놀러가는 것보다 집에 있는게 편해서 양도합니다. ','세상 집순이 화이팅!','','2022-01-17 16:03:47',1,'b.jpg','N','#미산분교 캠핑장','#감성캠핑','#오토캠핑'),
	 ('user9@gamsung.com',NULL,'강원 인제군 남면 설악로 1129','러빙네이쳐캠핑장','팬션','0212345678','2022-02-07','2022-02-10',4,15000,'안녕 ! 난 준희로이드 ! ','저에게 경매구현은 껌이었습니다. 질겅질겅','','2022-01-17 16:03:47',1,'b.jpg','N','#러빙네이쳐캠핑장','#감성캠핑','#팬션'),
	 ('user10@gamsung.com',NULL,'경북 청도군 각북면 금천리 427-2','청도글램핑캠핑장','글램핑','01041685900','2022-02-14','2022-02-15',9,0,'휴가 날짜를 잘못알아서 예약을 잘못했습니다ㅠ_ㅠ','집에 꿀단지 숨겨놨어요','','2022-01-17 16:03:47',1,'b.jpg','N','#청도글램핑캠핑장','#감성캠핑','#글램핑'),
	 ('user11@gamsung.com',NULL,'경북 청도군 화양읍 이슬미로 297-41','청도프로방스카라반캠핑카펜션','카라반','0212345678','2022-02-03','2022-02-07',2,30000,'로또당첨으로 캠핑장대신 해외여행을 가기로 했습니다.','전 대한민국을 떠납니다!','애완동물은 동반 불가라고 하네요','2022-01-17 16:03:47',1,'b.jpg','N','#청도프로방스카라반캠핑카펜션','#감성캠핑','#카라반');