INSERT INTO USERS(user_id, addr, role, nick_name, password, name, phone, entry_reg_date, camp_name, camp_call, having_point, salt, auction_grade) values
('admin', '서울 강남구', 'ADMIN', '관리자', 'admin', '최정아', '77777777', SYSDATE(), null, null, 0, null, null),
('gamsungsite@gmail.com', '서울 강남구', 'GENERAL', '감성캠핑', '9c2d11fbca3ffb5f0746fa84b24e0feaca2113450720e271edfabf9a3a6f8881', '감성캠핑', '01012345678', SYSDATE(), null, null, 1000000, '9fb488826f89350c', 100),
('user1@gamsung.com', '서울 강남구', 'GENERAL', '니코', '1111', '김관우', '01022223333', '2022-01-11', null, null, 1000000, null, null),
('user2@gamsung.com', '서울 강남구', 'GENERAL', '헤이즐', '2222', '이소희', '01012345679', '2021-03-25', null, null, 100000, null, null),
('user3@gamsung.com', '서울 강남구', 'GENERAL', '제나바', '3333', '유희주', '01012345680', '2022-01-01', null, null, 100000, null, null),
('user4@gamsung.com', '서울 강남구', 'GENERAL', '키아라', '4444', '조영주', '01017745681', '2021-12-11', null, null, 100000, null, null),
('user5@gamsung.com', '서울 강남구', 'GENERAL', '이젤라', '5555', '권도윤', '01012399982', '2021-03-24', null, null, 100000, null, null),
('user6@gamsung.com', '서울 종로구', 'GENERAL', '니코', '1111', '이로희', '0101123999', '2021-05-25', null, null, 1000000, null, null),
('user7@gamsung.com', '서울 서대문구', 'GENERAL', '슈아로', '2222', '김나은', '01019911679', SYSDATE(), null, null, 100000, null, null),
('user8@gamsung.com', '서울 강남구', 'GENERAL', '뉴엘', '3333', '최모아', '01012333480', '2021-06-22', null, null, 100000, null, null),
('user9@gamsung.com', '서울 강남구', 'GENERAL', '미르시', '4444', '임하루', '01014442281', SYSDATE(), null, null, 100000, null, null),
('user10@gamsung.com', '서울 강남구', 'GENERAL', '문슬', '5555', '황소호', '01012434682', SYSDATE(), null, null, 100000, null, null),
('user11@gamsung.com', '서울 강남구', 'GENERAL', '아르테미스', '1111', '오하랑', '01022333663', SYSDATE(), null, null, 1000000, null, null),
('user12@gamsung.com', '서울 강남구', 'GENERAL', '새벽', '2222', '유슬희', '01014444479', SYSDATE(), null, null, 100000, null, null),
('user13@gamsung.com', '서울 강남구', 'GENERAL', '혜성', '3333', '이루아리', '01012335580', '2021-07-07', null, null, 100000, null, null),
('user14@gamsung.com', '서울 강남구', 'GENERAL', '우주', '4444', '조도준', '01012556681', SYSDATE(), null, null, 100000, null, null),
('user15@gamsung.com', '서울 강남구', 'GENERAL', '아벨', '5555', '이가람', '01012556682', '2021-08-02', null, null, 100000, null, null),
('user16@gamsung.com', '서울 강남구', 'GENERAL', '아델', '1111', '김재완', '01027727773', SYSDATE(), null, null, 1000000, null, null),
('user17@gamsung.com', '서울 강남구', 'GENERAL', '앨리쉬', '2222', '윤찬', '01012577679', '2021-09-09', null, null, 100000, null, null),
('user18@gamsung.com', '서울 강남구', 'GENERAL', '앨빈', '3333', '김승헌', '01012388780', SYSDATE(), null, null, 100000, null, null),
('user19@gamsung.com', '서울 강남구', 'GENERAL', '베키', '4444', '이휘', '01012777881', SYSDATE(), null, null, 100000, null, null),
('user20@gamsung.com', '서울 강남구', 'GENERAL', '바론', '5555', '박혜니', '01012000882', SYSDATE(), null, null, 100000, null, null),
('user21@gamsung.com', '서울 강남구', 'GENERAL', '비앙카', '1111', '이휘민', '01022200063', '2022-01-02', null, null, 1000000, null, null),
('user22@gamsung.com', '서울 강남구', 'GENERAL', '비숍', '2222', '김해웅', '01014444009', SYSDATE(), null, null, 100000, null, null),
('user23@gamsung.com', '서울 강남구', 'GENERAL', '블리스', '3333', '박동화', '01012555580', SYSDATE(), null, null, 100000, null, null),
('user24@gamsung.com', '서울 강남구', 'GENERAL', '보니타', '4444', '김환비', '01013336681', SYSDATE(), null, null, 100000, null, null),
('user25@gamsung.com', '서울 강남구', 'GENERAL', '쉐리', '5555', '김서아', '01022666682', SYSDATE(), null, null, 100000, null, null),
('user26@gamsung.com', '서울 강남구', 'GENERAL', '첼시', '1111', '서설우', '01022444773', '2021-10-24', null, null, 1000000, null, null),
('user27@gamsung.com', '서울 강남구', 'GENERAL', '코코', '2222', '신지유', '01033355679', '2021-03-27', null, null, 100000, null, null),
('user28@gamsung.com', '서울 강남구', 'GENERAL', '샤비', '3333', '이윤도', '01012447780', '2021-02-13', null, null, 100000, null, null),
('user29@gamsung.com', '서울 강남구', 'GENERAL', '클레오', '4444', '이효완', '01012322881', '2021-10-11', null, null, 100000, null, null),
('user30@gamsung.com', '서울 강남구', 'GENERAL', '데이지', '5555', '민유환', '01012366682', '2021-01-02', null, null, 100000, null, null),
('businessuser1@gamsung.com', '서울특별시 구로구 천왕동 230-1번지', 				'BUSINESS', null, '1111', '박철홍', '01012345683', SYSDATE(), '갤럭시', '021234567', 1000000, null, null),
('businessuser2@gamsung.com', '서울특별시 마포구 상암동 481-6 노을공원 노을캠핑장', 	'BUSINESS', null, '2222', '오창열', '01012345684', SYSDATE(), '오감자', '0315552637', 0, null, null),
('businessuser3@gamsung.com', '강원도 양양군 현북면 하광정리 608-6', 			'BUSINESS', null, '3333', '최인규', '01012345685', SYSDATE(), '밀키웨이', '0329998476', 0, null, null),
('businessuser4@gamsung.com', '전북 부안군 변산면 변산로 2054', 				'BUSINESS', null, '4444', '황현지', '01012345686', SYSDATE(), '아리스', '029384736', 0, null, null),
('businessuser5@gamsung.com', '강원 원주시 지정면 소금산길 26', 				'BUSINESS', null, '5555', '임준희', '01012345687', SYSDATE(), '비너스', '07019283746', 0, null, null),
('businessuser6@gamsung.com', '경기 양평군 서종면 문호리 1067-1', 				'BUSINESS', null, '6666', '박철홍1', '01012345683', SYSDATE(), '갤럭시1', '021234567', 0, null, null),
('businessuser7@gamsung.com', '경기도 가평군 설악면 묵안리 171-4', 				'BUSINESS', null, '7777', '오창열1', '01012345684', SYSDATE(), '오감자1', '0315552637', 0, null, null),
('businessuser8@gamsung.com', '제주특별자치도 제주시 애월읍 어음리 3912', 			'BUSINESS', null, '8888', '최인규1', '01012345685', SYSDATE(), '밀키웨이1', '0329998476', 0, null, null),
('businessuser9@gamsung.com', '강원도 인제군 인제읍 광치령로 306 인제아리캠핑장',	 	'BUSINESS', null, '9999', '황현지1', '01012345686', SYSDATE(), '아리스1', '029384736', 0, null, null),
('businessuser10@gamsung.com', '경남 산청군 차황면 황매산로1138번길 215', 		'BUSINESS', null, '1010', '임준희1', '01012345687', SYSDATE(), '비너스1', '07019283746', 0, null, null),
('businessuser11@gamsung.com', '강원도 양양군 현북면 하광정리 618-2', 			'BUSINESS', null, '1111', '박철홍2', '01012345683', SYSDATE(), '갤럭시2', '021234567', 0, null, null),
('businessuser12@gamsung.com', '경기 포천시 영북면 소회산길 366',			 	'BUSINESS', null, '1212', '오창열2', '01012345684', SYSDATE(), '오감자2', '0315552637', 0, null, null),
('businessuser13@gamsung.com', '경기도 포천시 영북면 산정리 511 외 7필지', 		'BUSINESS', null, '1313', '최인규2', '01012345685', SYSDATE(), '밀키웨이2', '0329998476', 0, null, null),
('businessuser14@gamsung.com', '경북 김천시 아포읍 대성지1길 155', 				'BUSINESS', null, '1414', '황현지2', '01012345686', SYSDATE(), '아리스2', '029384736', 0, null, null),
('businessuser15@gamsung.com', '강원 홍천군 서면 개야강변길 112', 				'BUSINESS', null, '1515', '임준희2', '01012345687', SYSDATE(), '비너스2', '07019283746', 0, null, null);

INSERT INTO USERS
(user_id, `role`, nick_name, password, salt, name, phone, addr, entry_reg_date, bank, account_holder, account_num, having_point, camp_name, camp_call, entry_approval_flag, receive_cancel_total_count, receive_ban_end_date, dormant_reg_date, secession_reg_date, suspension_reg_date, camp_business_num, suspension_content, auction_grade, sns_id)
values
('a@a.com', 'GENERAL', '일반', '151b9e0ed1571eb025322b1ab0f5a786e0723a9ab45bf8c0c7d29bd93dbf2a88', 'cc2b5c6305c0c73e', '일반', '00011112222', '서울', '2022-01-01', NULL, NULL, NULL, 10000000, NULL, NULL, 'N', 0, NULL, NULL, NULL, NULL, NULL, NULL, 1, NULL),
('aa@a.com', 'BUSINESS', '사업자(등록)', 'ab0d7c331466fa8e8822c83eae48a71ba784d77bdb08e57a9b4288484bc41b45', '824336a525cbd50c', '사업자(등록)', '33344445555', '경기도 가평군 하면 대보리 506-1', '2022-02-02', NULL, NULL, NULL, 1000000, '이모션', '9900001111', 'Y', 0, NULL, NULL, NULL, NULL, NULL, NULL, 10, NULL),
('aa2@a.com', 'BUSINESS', '사업자(미등록)', '82e22a6e616962c193cbc6cafc37b5c6b22fb801d5cdbb0def917c3335b9e494', 'e54723d9ffe5732c', '사업자(미등록)', '0099998888', '울산', '2022-12-12', NULL, NULL, NULL, 1000000, '이모션(미등록)', '0055556666', 'Y', 0, NULL, NULL, NULL, NULL, NULL, NULL, 10, NULL),
('aaa@a.com', 'ADMIN', '관리자', 'a4f5caf753cb65824e9cdf916596195659d580fab54a3bd322a05f7fe6562c45', '8dbc267eda050dad', '관리자', '66677778888', '제주도', '2022-03-03', NULL, NULL, NULL, 1000000, NULL, NULL, 'N', 0, NULL, NULL, NULL, NULL, NULL, NULL, 100, NULL);


INSERT INTO CAMP 
(user_id, camp_map_img, camp_img1, camp_img2, camp_img3, camp_img4, camp_img5, tempsave_flag, delete_flag, camp_summery, camp_detail, camp_reg_date, camp_theme1, camp_theme2, camp_nature1, camp_nature2, camp_operation1, camp_operation2, camp_view_count_current_month, camp_reservation_count, camp_rating) VALUES
('aa@a.com', 'map.jpg', 'thumb1.jpg', 'img1.jpg', 'img2.jpg', 'img3.jpg', 'img4.jpg', '3', 'N', '좋은캠핑장입니다. 가족이나 연인과 함께 즐거운 캠핑을 해보세요.', '좋은캠핑장입니다. 가족이나 연인과 함께 즐거운 캠핑을 해보세요.', '1990-01-01', '봄', '겨울', '계곡', '호수', '상시', '여름', 3, 1, 1.1),
('businessuser2@gamsung.com', 'map.jpg', 'thumb2.jpg', 'img1.jpg', 'img2.jpg', 'img3.jpg', 'img4.jpg', '3', 'N', '좋은캠핑장2', '좋은캠핑장입니다. 가족이나 연인과 함께 즐거운 캠핑을 해보세요.', '1990-01-02', '여름', '봄', '호수', '계곡', '봄', '상시', 4, 3, 3.4),
('businessuser3@gamsung.com', 'map.jpg', 'thumb1.jpg', 'img1.jpg', 'img2.jpg', 'img3.jpg', 'img4.jpg', '3', 'N', '좋은캠핑장3', '좋은캠핑장입니다. 가족이나 연인과 함께 즐거운 캠핑을 해보세요.', '1990-01-03', '가을', '여름', '강', '호수', '여름', '봄', 4, 4, 2.4),
('businessuser4@gamsung.com', 'map.jpg', 'thumb4.jpg', 'img1.jpg', 'img2.jpg', 'img3.jpg', 'img4.jpg', '3', 'N', '좋은캠핑장4', '좋은캠핑장입니다. 가족이나 연인과 함께 즐거운 캠핑을 해보세요.', '1990-01-04', '겨울', '가을', '바다', '강', '가을', '여름', 5, 5, 3.3),
('businessuser5@gamsung.com', 'map.jpg', 'thumb5.jpg', 'img1.jpg', 'img2.jpg', 'img3.jpg', 'img4.jpg', '3', 'N', '좋은캠핑장5', '좋은캠핑장입니다. 가족이나 연인과 함께 즐거운 캠핑을 해보세요.', '1990-01-05', '일출', '겨울', '산', '바다', '겨울', '가을', 6, 1, 2.3),
('businessuser6@gamsung.com', 'map.jpg', 'thumb1.jpg', 'img1.jpg', 'img2.jpg', 'img3.jpg', 'img4.jpg', '2', 'N', '좋은캠핑장6', '좋은캠핑장입니다. 가족이나 연인과 함께 즐거운 캠핑을 해보세요.', '1990-01-01', '봄', '겨울', '계곡', '호수', '상시', '여름', 3, 1, 1.1),
('businessuser7@gamsung.com', 'map.jpg', 'thumb1.jpg', 'img1.jpg', 'img2.jpg', 'img3.jpg', 'img4.jpg', '2', 'N', '좋은캠핑장7', '좋은캠핑장입니다. 가족이나 연인과 함께 즐거운 캠핑을 해보세요.', '1990-01-02', '여름', '봄', '호수', '계곡', '봄', '상시', 4, 3, 3.4),
('businessuser8@gamsung.com', 'map.jpg', 'thumb1.jpg', 'img1.jpg', 'img2.jpg', 'img3.jpg', 'img4.jpg', '2', 'N', '좋은캠핑장8', '좋은캠핑장입니다. 가족이나 연인과 함께 즐거운 캠핑을 해보세요.', '1990-01-03', '가을', '여름', '강', '호수', '여름', '봄', 4, 4, 2.4),
('businessuser9@gamsung.com', 'map.jpg', 'thumb1.jpg', 'img1.jpg', 'img2.jpg', 'img3.jpg', 'img4.jpg', '1', 'N', '좋은캠핑장9', '좋은캠핑장입니다. 가족이나 연인과 함께 즐거운 캠핑을 해보세요.', '1990-01-04', '겨울', '가을', '바다', '강', '가을', '여름', 5, 5, 3.3),
('businessuser10@gamsung.com', 'map.jpg', 'thumb1.jpg', 'img1.jpg', 'img2.jpg', 'img3.jpg', 'img4.jpg', '1', 'N', '좋은캠핑장10', '좋은캠핑장입니다. 가족이나 연인과 함께 즐거운 캠핑을 해보세요.', '1990-01-05', '일출', '겨울', '산', '바다', '겨울', '가을', 6, 1, 2.3),
('businessuser11@gamsung.com', 'map.jpg', 'thumb1.jpg', 'img1.jpg', 'img2.jpg', 'img3.jpg', 'img4.jpg', '1', 'N', '좋은캠핑장11', '좋은캠핑장입니다. 가족이나 연인과 함께 즐거운 캠핑을 해보세요.', '1990-01-01', '봄', '겨울', '계곡', '호수', '상시', '여름', 3, 1, 1.1);


INSERT INTO MAINSITE (camp_no, mainsite_img1, mainsite_type, delete_flag, mainsite_name, mainsite_section, mainsite_size, mainsite_min_capacity, mainsite_max_capacity, mainsite_min_price, mainsite_add_price, mainsite_parking_size, mainsite_info, mainsite_reservation_user_name, mainsite_reservation_start, mainsite_reservation_end, mainsite_reg_date) VALUES
(10000, 'img1.jpg', '오토캠핑', 'N', '하늘1', '구역1', '3m x 6m', 2, 4, 100, 50, 1, '아주 깔끔하고 아늑한 자리 입니다. 강추 드려요!!', '홍길동1', '1990-01-01', '1990-01-02', '2020-01-01'),
(10000, 'img2.jpg', '오토캠핑', 'N', '하늘1', '구역1', '3m x 6m', 2, 4, 100, 150, 1, '아주 깔끔하고 아늑한 자리 입니다. 강추 드려요!!', '홍길동1', '1990-01-01', '1990-01-02', '2020-01-01'),
(10000, 'img3.jpg', '글램핑', 'N', '하늘2', '구역2', '3m x 7m', 3, 5, 100, 50, 2, '아주 깔끔하고 아늑한 자리 입니다. 강추 드려요!!', '홍길동2', '1990-01-02', '1990-01-03', '2020-01-02'),
(10000, 'img4.jpg', '카라반', 'N', '하늘3', '구역3', '3m x 8m', 4, 6, 100, 50, 3, '아주 깔끔하고 아늑한 자리 입니다. 강추 드려요!!', '홍길동3', '1990-01-03', '1990-01-04', '2020-01-03'),
(10000, 'img5.jpg', '방갈로', 'N', '하늘4', '구역4', '3m x 9m', 5, 7, 75000, 15000, 4, '아주 깔끔하고 아늑한 자리 입니다. 강추 드려요!!', '홍길동4', '1990-01-04', '1990-01-05', '2020-01-04'),
(10000, 'img6.jpg', '팬션', 'N', '하늘5', '구역5', '3m x 10m', 6, 8, 300000, 40000, 5, '아주 깔끔하고 아늑한 자리 입니다. 강추 드려요!!', '홍길동5', '1990-01-05', '1990-01-06', '2020-01-05'),
(10000, 'img7.jpg', '오토캠핑', 'N', '하늘1', '구역1', '3m x 6m', 2, 4, 50000, 20000, 1, '아주 깔끔하고 아늑한 자리 입니다. 강추 드려요!!', '홍길동1', '1990-01-01', '1990-01-02', '2020-01-01'),
(10000, 'img8.jpg', '글램핑', 'N', '하늘2', '구역2', '3m x 7m', 3, 5, 300000, 20000, 2, '아주 깔끔하고 아늑한 자리 입니다. 강추 드려요!!', '홍길동2', '1990-01-02', '1990-01-03', '2020-01-02'),
(10000, 'img9.jpg', '카라반', 'N', '하늘3', '구역3', '3m x 8m', 4, 6, 80000, 25000, 3, '아주 깔끔하고 아늑한 자리 입니다. 강추 드려요!!', '홍길동3', '1990-01-03', '1990-01-04', '2020-01-03'),
(10000, 'img1.jpg', '방갈로', 'N', '하늘4', '구역4', '3m x 9m', 5, 7, 90000, 30000, 4, '주요시설19', '홍길동4', '1990-01-04', '1990-01-05', '2020-01-04'),
(10000, 'img1.jpg', '팬션', 'N', '하늘5', '구역5', '3m x 10m', 6, 8, 1000000, 100000, 5, '주요시설20', '홍길동5', '1990-01-05', '1990-01-06', '2020-01-05'),
(10001, 'img1.jpg', '글램핑', 'N', '하늘2', '구역2', '3m x 7m', 3, 5, 100, 10, 2, '주요시설2', '홍길동2', '1990-01-02', '1990-01-03', '2020-01-02'),
(10002, 'img1.jpg', '카라반', 'N', '하늘3', '구역3', '3m x 8m', 4, 6, 100, 150, 3, '주요시설3', '홍길동3', '1990-01-03', '1990-01-04', '2020-01-03'),
(10003, 'img1.jpg', '방갈로', 'N', '하늘4', '구역4', '3m x 9m', 5, 7, 800, 2500, 4, '주요시설4', '홍길동4', '1990-01-04', '1990-01-05', '2020-01-04'),
(10004, 'img1.jpg', '팬션', 'N', '하늘5', '구역5', '3m x 10m', 6, 8, 90000, 20000, 5, '주요시설5', '홍길동5', '1990-01-05', '1990-01-06', '2020-01-05');


INSERT INTO SUBSITE (camp_no, subsite_type, subsite_reg_date, subsite_name, subsite_info) values
(10000, '전기', '1990-01-01', '전기1', '최신시설1'),
(10000, '온수', '1990-01-02', '온수2', '최신시설2'),
(10000, '매점1', '1990-01-03', '매점3', '최신시설3'),
(10000, '화장실1', '1990-01-04', '화장실4', '최신시설4'),
(10000, '물놀이장1', '1990-01-05', '물놀이장5', '최신시설5'),
(10000, '전기2', '1990-01-01', '전기1', '최신시설1'),
(10000, '온수2', '1990-01-02', '온수2', '최신시설2'),
(10000, '매점2', '1990-01-03', '매점3', '최신시설3'),
(10000, '화장실2', '1990-01-04', '화장실4', '최신시설4'),
(10000, '물놀이장2', '1990-01-05', '물놀이장5', '최신시설5'),
(10000, '전기1', '1990-01-01', '전기1', '최신시설1'),
(10001, '온수', '1990-01-02', '온수2', '최신시설2'),
(10002, '매점', '1990-01-03', '매점3', '최신시설3'),
(10003, '화장실', '1990-01-04', '화장실4', '최신시설4'),
(10004, '물놀이장', '1990-01-05', '물놀이장5', '최신시설5');


INSERT INTO CAMP_RESERVATION (user_id, camp_no, mainsite_no, reservation_status, reservation_reg_date, reservation_user_name, reservation_start_date, reservation_end_date, use_num, reservation_user_phone, total_payment_price, delete_flag, payment_type) VALUES 
('user1@gamsung.com', 10000, 10000, 1, '2021-12-17', '오창열', '2021-12-24', '2021-12-25', 2, '01012341234', 1000000, 'N', 1),
('user2@gamsung.com', 10001, 10001, 2, '2021-12-17', '최인규', '2021-12-24', '2021-12-25', 1, '01012341235', 1000000, 'N', 2),
('user3@gamsung.com', 10002, 10002, 3, '2021-12-17', '임준희', '2021-12-24', '2021-12-25', 2, '01012341236', 1000000, 'N', 3),
('user4@gamsung.com', 10003, 10003, 4, '2021-12-17', '최정아', '2021-12-24', '2021-12-25', 1, '01012341237', 1000000, 'N', 1),
('user5@gamsung.com', 10004, 10004, 5, '2021-12-17', '황현지', '2021-12-24', '2021-12-25', 2, '01012341238', 1000000, 'N', 2),
('user1@gamsung.com', 10000, 10001, 6, '2021-12-17', '권도윤', '2021-12-24', '2021-12-25', 1, '01012341239', 1000000, 'N', 3),
('user2@gamsung.com', 10001, 10002, 1, '2021-12-17', '유희주', '2021-12-24', '2021-12-25', 2, '01012341240', 1000000, 'N', 1),
('user3@gamsung.com', 10002, 10003, 2, '2021-12-17', '김관우', '2021-12-24', '2021-12-25', 1, '01012341241', 1000000, 'N', 2),
('user4@gamsung.com', 10003, 10004, 3, '2021-12-17', '조영주', '2021-12-24', '2021-12-25', 2, '01012341242', 1000000, 'N', 3),
('user5@gamsung.com', 10004, 10001, 4, '2021-12-17', '이소희', '2021-12-24', '2021-12-25', 1, '01012341243', 1000000, 'N', 1),
('aa@a.com', 10000, 10001, 1, '2022-01-01', '굳굳굳', '2022-01-01', '2022-01-02', 2, '01012341111', 74900, 'N', 2),
('a@a.com', 10000, 10002, 2, '2022-01-03', '최인규', '2022-01-03', '2022-01-07', 1, '01012343333', 100, 'N', 2),
('a@a.com', 10000, 10003, 3, '2022-01-04', '임준희', '2022-01-04', '2022-01-05', 2, '01012344444', 800, 'N', 3),
('a@a.com', 10000, 10004, 4, '2022-01-07', '권도윤', '2022-01-07', '2022-01-09', 1, '01012347777', 1000000, 'N', 3),
('a@a.com', 10000, 10005, 5, '2022-01-08', '유희주', '2022-01-08', '2022-01-09', 2, '01012348888', 1000000, 'N', 1),
('a@a.com', 10000, 10006, 6, '2022-01-09', '김관우', '2022-01-09', '2022-01-11', 1, '01012349999', 1000000, 'N', 2),
('a@a.com', 10000, 10007, 7, '2022-01-10', '조영주', '2022-01-10', '2022-01-12', 2, '01012341010', 1000000, 'N', 3),
('a@a.com', 10000, 10008, 1, '2022-01-08', '유희주', '2022-01-08', '2022-01-09', 2, '01012348888', 1000000, 'N', 1),
('a@a.com', 10000, 10009, 2, '2022-01-09', '김관우', '2022-01-09', '2022-01-11', 1, '01012349999', 1000000, 'N', 2),
('a@a.com', 10000, 10010, 3, '2022-01-11', '이소희', '2022-01-11', '2022-01-13', 1, '01012340101', 1000000, 'N', 1),
('a@a.com', 10000, 10002, 4, '2022-01-13', '굿굿', '2022-01-14', '2022-01-15', 0, '111', 200, 'N', 0),
('a@a.com', 10000, 10004, 5, '2022-01-13', '굿굿', '2022-01-27', '2022-01-29', 0, '111', 180000, 'N', 0);


INSERT INTO RATING_REVIEW (user_id, camp_no, rating_review_status, rating_review_content, review_reg_date, status_rating, review_img1) VALUES 
('user1@gamsung.com', 10000, 1, 'very good', '2021-12-17', 3.0, 'img1.jpg'),
('user2@gamsung.com', 10001, 1, 'very good', '2021-12-17', 4.0, 'img2.jpg'),
('user3@gamsung.com', 10002, 1, 'very good', '2021-12-17', 5.0, 'img3.jpg'),
('user4@gamsung.com', 10003, 1, 'very good', '2021-12-17', 4.0, 'img4.jpg'),
('user5@gamsung.com', 10004, 1, 'very good', '2021-12-17', 3.0, 'img5.jpg');


INSERT INTO RATING_REVIEW (user_id, camp_no, rating_review_status, rating_review_content, review_reg_date, comment, comment_reg_date, status_rating, review_img1) VALUES
('user1@gamsung.com', 10000, 1, 'good', '2021-12-17', 'very good', '2021-12-17', 3.0, 'img1.jpg'),
('user2@gamsung.com', 10001, 1, 'good', '2021-12-17', 'very good', '2021-12-17', 4.0, 'img2.jpg'),
('user3@gamsung.com', 10002, 1, 'good', '2021-12-17', 'very good', '2021-12-17', 5.0, 'img3.jpg'),
('user4@gamsung.com', 10003, 1, 'good', '2021-12-17', 'very good', '2021-12-17', 4.0, 'img4.jpg'),
('user5@gamsung.com', 10004, 1, 'good', '2021-12-17', 'very good', '2021-12-17', 3.0, 'img5.jpg');


INSERT INTO RATING_REVIEW (user_id, camp_no, rating_review_status, rating_review_title, rating_review_content, review_reg_date, status_rating, review_img1) VALUES 
('user1@gamsung.com', 10000, 2, 'wow', 'good', '2021-12-17', 3.0, 'img1.jpg'),
('user2@gamsung.com', 10001, 2, 'wow', 'good', '2021-12-17', 4.0, 'img2.jpg'),
('user3@gamsung.com', 10002, 2, 'wow', 'good', '2021-12-17', 5.0, 'img3.jpg'),
('user4@gamsung.com', 10003, 2, 'wow', 'good', '2021-12-17', 4.0, 'img4.jpg'),
('user5@gamsung.com', 10004, 2, 'wow', 'good', '2021-12-17', 3.0, 'img5.jpg');


INSERT INTO RATING_REVIEW (user_id, camp_no, rating_review_status, rating_review_title, rating_review_content, review_reg_date, comment, comment_reg_date, status_rating, review_img1) VALUES
('user1@gamsung.com', 10000, 2, 'wow', 'good', '2021-12-17', 'very good', '2021-12-17', 3.0, 'img1.jpg'),
('user2@gamsung.com', 10001, 2, 'wow', 'good', '2021-12-17', 'very good', '2021-12-17', 4.0, 'img2.jpg'),
('user3@gamsung.com', 10002, 2, 'wow', 'good', '2021-12-17', 'very good', '2021-12-17', 5.0, 'img3.jpg'),
('user4@gamsung.com', 10003, 2, 'wow', 'good', '2021-12-17', 'very good', '2021-12-17', 4.0, 'img4.jpg'),
('user5@gamsung.com', 10004, 2, 'wow', 'good', '2021-12-17', 'very good', '2021-12-17', 3.0, 'img5.jpg');


INSERT INTO PAYMENT_CODE (payment_code_regNum, payment_code, payment_code_range_start, payment_code_range_end, payment_code_info, payment_code_fee) VALUES
 (1, 'P0', 0, 0, '포인트 관리자', 0),
 (2, 'P1', 0, 0, '포인트 구매', 0),
 (3, 'P2', 0, 0, '포인트 출금', 20),
 (4, 'R0', 0, 0, '캠핑 관리자', 0),
 (5, 'R1', 0, 0, '캠핑 예약', 8),
 (6, 'R2', 0, 0, '캠핑 예약 변경', 8),
 (7, 'R3', 2, 2, '캠핑 예약환불 2일전', 50),
 (8, 'R4', 3, 3, '캠핑 예약환불 3일전', 40),
 (9, 'R5', 4, 4, '캠핑 예약환불 4일전', 30),
 (10, 'R6', 5, 5, '캠핑 예약환불 5일전', 20),
 (11, 'R7', 6, 6, '캠핑 예약환불 6일전', 10),
 (12, 'R8', 7, 7, '캠핑 예약환불 7일전', 0),
 (13, 'A0', 0, 0, '경매 관리자', 0),
 (14, 'A1', 100, 100, '경매 A등급 상품등록 수수료' , 1),
 (15,'A2', 60, 99, '경매 B등급 상품등록 수수료' , 2),
 (16,'A3', 30, 59, '경매 C등급 상품등록 수수료' , 3),
 (17,'A4', 10, 29, '경매 D등급 상품등록 수수료' , 4),
 (18,'A5', 1, 9, '경매 E등급 상품등록 수수료' , 5),
 (19,'A6', 100, 100, '경매 A등급 중도철회 수수료' , 1),
 (20,'A7', 60, 99, '경매 B등급 중도철회 수수료' , 2),
 (21,'A8', 30, 59, '경매 C등급 중도철회 수수료' , 3),
 (22,'A9', 10, 29, '경매 D등급 중도철회 수수료' , 4),
 (23,'A10', 1, 9, '경매 E등급 중도철회 수수료' , 5),
 (24,'A11', 100, 100, '경매 A등급 경매확정 수수료' , 1),
 (25,'A12', 60, 99, '경매 B등급 경매확정 수수료' , 2),
 (26,'A13', 30, 59, '경매 C등급 경매확정 수수료' , 3),
 (27,'A14', 10, 29, '경매 D등급 경매확정 수수료' , 4),
 (28,'A15', 1, 9, '경매 E등급 경매확정 수수료' , 5),
 (29,'A16', 100, 100, '경매 A등급 낙찰취소 수수료' , 1),
 (30,'A17', 60, 99, '경매 B등급 낙찰취소 수수료' , 2),
 (31,'A18', 30, 59, '경매 C등급 낙찰취소 수수료' , 3),
 (32,'A19', 10, 29, '경매 D등급 낙찰취소 수수료' , 4),
 (33,'A20', 1, 9, '경매 E등급 낙찰취소 수수료' , 5),
 (34,'T0', 0, 0, '양도양수 관리자', 0),
 (35,'T1', 0, 0, '양도양수', 0); 


INSERT INTO PAYMENT
(payment_status, payment_product, payment_sender, payment_receiver, payment_Product_Price_Total, payment_reg_time, payment_code, payment_reference_num, payment_method, payment_price_total, payment_price_pay, payment_price_fee, payment_method_second, payment_price_total_second, payment_price_pay_second, payment_price_fee_second, payment_refund_reg_time, payment_refund_code, payment_refund_reference_num, payment_refund_price_total, payment_refund_price_pay, payment_refund_price_fee, payment_refund_price_total_second, payment_refund_price_pay_second, payment_refund_price_fee_second)
values
(1, '포인트구매1000[p]', '[PointManageSystem-C]', 'a@a.com', 1000, '2022-01-05 18:53:44', 'P1', '[PC/2022-01-05T09:53:23/a@a.com]', NULL, 0, 0, 0, 'point', 1000, 1000, 0, NULL, NULL, NULL, NULL, NULL, NULL, NULL, NULL, NULL),
(2, '포인트구매1000[p]', 'a@a.com', '[PointManageSystem-C]', 100, '2022-01-05 18:53:44', 'P1', '[PC/2022-01-05T09:53:23/a@a.com]', 'card', 100, 100, 0, NULL, 0, 0, 0, NULL, NULL, NULL, NULL, NULL, NULL, NULL, NULL, NULL);


INSERT INTO PAYMENT
(payment_status, payment_product, payment_sender, payment_receiver, payment_reg_time, payment_Product_Price_Total, payment_code, payment_reference_num, imp_uid, payment_method, payment_price_total, payment_price_pay, payment_price_fee, payment_method_second, payment_price_total_second, payment_price_pay_second, payment_price_fee_second, payment_refund_reg_time, payment_refund_code, payment_refund_reference_num, payment_refund_price_total, payment_refund_price_pay, payment_refund_price_fee, payment_refund_price_total_second, payment_refund_price_pay_second, payment_refund_price_fee_second)
values
(2, '[이모션/예약등록/2022-01-17]', 'a@a.com', 'aa@a.com', now(6), 100, 'R1', '[R00018/예약등록/2022-01-17T11:15:56]', 'imp_217048506148', 'card', 100, 92, 8, 'point', 1000, 920, 80, NULL, NULL, NULL, NULL, NULL, NULL, NULL, NULL, NULL),
(2, '[이모션/예약등록/2022-01-17]', 'a@a.com', 'aa@a.com', now(6), 100, 'R1', '[R00018/예약등록/2022-01-17T11:15:56]', 'imp_183591780057', 'card', 100, 92, 8, 'point', 900, 828, 72, NULL, NULL, NULL, NULL, NULL, NULL, NULL, NULL, NULL),
(2, '[이모션/예약등록/2022-01-17]', 'a@a.com', 'aa@a.com', now(6), 100, 'R1', '[R00018/예약등록/2022-01-17T11:15:56]', 'imp_509157534772', 'card', 100, 92, 8, 'point', 1000, 9200, 80, NULL, NULL, NULL, NULL, NULL, NULL, NULL, NULL, NULL),
(2, '[이모션/예약등록/2022-01-17]', 'a@a.com', 'aa@a.com', now(6), 100, 'R1', '[R00018/예약등록/2022-01-17T11:15:56]', 'imp_509157534773', 'card', 100, 92, 8, 'point', 200, 184, 16, NULL, NULL, NULL, NULL, NULL, NULL, NULL, NULL, NULL);


INSERT INTO NOTICE(user_id, notice_title, notice_content, notice_file1, notice_file2,notice_file3, camp_no, camp_name )
VALUES 
('admin', '공지사항 제목입니다', '공지사항 제목입니다.', "file.hwp","file.xlsx",null, null, null),
('admin', '예시 테이블 생성', '테스트 공지사항 내용입니다.', "file.hwp","file.xlsx",null, null, null),
('admin', '예시 테이블', '테스트 내용입니다.', "file.hwp","file.xlsx",null, null, null),
('admin', '예시 생성', '예시입니다', "file.hwp","file.xlsx",null, null, null),
('admin', '예시 테이블notice 생성', '가나다라마바사아자차카타파하', "file.hwp","file.xlsx",null, null, null),
('admin', 'html 내용이 들어간 예시', '<span>가나다</span>', "file.hwp","file.xlsx",null, null, null),
('admin', '한번 해보자 이거야', '그래 이거 한번 해봐', "file.hwp","file.xlsx",null, null, null),
('admin', 'full text', 'full text', "file.hwp","file.xlsx",null, null, null),
('admin', 'title', 'content', "file.hwp","file.xlsx",null, null, null),
('admin', '가나다라', '마바사아자차카타파하', "file.hwp","file.xlsx",null, null, null),
('admin', '공지사항 제목', '공지사항내용', "file.hwp","file.xlsx",null, null, null),
('admin', '공지', '내용', "file.hwp","file.xlsx",null, null, null),
('businessuser1@gamsung.com', '캠핑장공지사항1', '1번 캠핑장 공지사항 입니다.', "file.hwp","file.xlsx",null, 10000,'이모션'),
('businessuser1@gamsung.com', '캠핑장공지사항1', '1번 캠핑장 공지사항 입니다.', "file.hwp","file.xlsx",null, 10000,'갤럭시'),
('businessuser2@gamsung.com', '캠핑장공지사항2', '22번 캠핑장 공지사항 입니다.', "file.hwp","file.xlsx",null, 10001,'오감자'),
('businessuser3@gamsung.com', '캠핑장공지사항33', '33번 캠핑장 공지사항 입니다.', "file.hwp","file.xlsx",null, 10002,'밀키웨이'),
('businessuser4@gamsung.com', '캠핑장공지사항44', '44번 캠핑장 공지사항 입니다.', "file.hwp","file.xlsx",null, 10003,'아리스'),
('businessuser5@gamsung.com', '캠핑장공지사항55', '55번 캠핑장 공지사항 입니다.', "file.hwp","file.xlsx",null, 10004,'비너스'),
('businessuser5@gamsung.com', '캠핑장공지사항55', '55번 캠핑장 공지사항 입니다.', "file.hwp","file.xlsx",null, 10004,'비너스');

INSERT INTO NOTICE(user_id, notice_title, notice_content, notice_file1, notice_file2,notice_file3, camp_no, camp_name )
VALUES 
('aa@a.com', '이모션 전체 공지사항', '즐거운 캠핑 되세요', null, null, null, 10000,'이모션'),
('aa@a.com', '이모션 운영시간', '연중무휴 24시간 운영입니다.', null, null, null, 10000,'이모션'),
('aa@a.com', '이모션 연락처', '010-4123-7456 으로 연락주세요.', null, null, null, 10000,'이모션');


INSERT INTO QNA (sender_id, question_title, question_content, camp_no, camp_name)
values
('user1@gamsung.com', '크래프트 블랙은 원래 쓴가요?','아니 한번 먹어봤는데 매우 쓴거에요 그래서 물어봅니다.',null,null),
('user2@gamsung.com', '아아아아아아악나다ㅏ라라나','너무 졸립고 맘아파...',null,null),
('user3@gamsung.com', '테스트1 제목입니다.','테스트1 내용 입니다.',null,null),
('user1@gamsung.com', '테스트2 제목입니다.','테스트2 내용 입니다.',null,null),
('user2@gamsung.com', '테스트3 제목입니다.','테스트3 내용 입니다.',null,null),
('user3@gamsung.com', '테스트4 제목입니다.','테스트4 내용 입니다.',null,null),
('user5@gamsung.com', '테스트5 제목입니다.','테스트5 내용 입니다.',null,null),
('user3@gamsung.com', '테스트6 제목입니다.','테스트6 내용 입니다.',null,null),
('user4@gamsung.com', '테스트7 제목입니다.','테스트7 내용 입니다.',null,null),
('user4@gamsung.com', '테스트8 제목입니다.','테스트8 내용 입니다.',null,null),
('user2@gamsung.com', '테스트9 제목입니다.','테스트9 내용 입니다.',null,null),
('user1@gamsung.com', '테스트10 제목입니다.','테스트10 내용 입니다.',null,null),
('user3@gamsung.com', '테스트11 제목입니다.','테스트11 내용 입니다.',null,null),
('user5@gamsung.com', '테스트12 제목입니다.','테스트12 내용 입니다.',null,null),
('user4@gamsung.com', '캠핑장1 Q&A 제목입니다.','캠핑장1 Q&A 내용 입니다.',10001,'오감자'),
('user4@gamsung.com', '캠핑장2 Q&A 제목입니다.','캠핑장2 Q&A 내용 입니다.',10003,'아리스');


INSERT INTO QNA
(sender_id, receiver_id, delete_flag, question_title, question_content, question_reg_date, view_count, answer_content, answer_reg_date, camp_no, camp_name)
values
('user1@gamsung.com', NULL, 'N', '운영시간이 어떻게 되나요?', '밤늦게 도착해도 괜찮을까요?', '2022-01-01 01:01:01', 0, '24시간 운영입니다. 늦게 오셔도 됩니다.', '2022-01-01 01:06:20', 10000, '이모션'),
('user2@gamsung.com', NULL, 'N', '캠핑장 전화번호를 알려주세요?', '휴대폰번호도 알려주세요', '2022-01-02 02:02:02', 0, '010-3124-9678 입니다.', '2022-01-02 11:01:15', 10000,  '이모션'),
('user3@gamsung.com', NULL, 'N', '온수 샤워장이 있나요?', '샤워장 개수는 몇개인가요?', '2022-01-03 03:03:03', 0, '샤워장은 20개 이며 모두 온수가 나옵니다', '2022-01-03 12:12:12', 10000,  '이모션'),
('user4@gamsung.com', NULL, 'N', '매점이 있나요?', '운영시간도 알려주세요', '2022-01-04 11:11:11', 0, '', '1111-11-11 11:11:11', 10000,  '이모션'),
('user5@gamsung.com', NULL, 'Y', '쿠폰이 있나요?', '쿠폰이 있나요?', '2022-01-05 12:12:12', 0, '', '1111-11-11 11:11:11', 10000, '이모션');


INSERT INTO REPORT_TABLE(report_name)
values
('캠핑장 신고'),
('경매 신고'),
('커뮤니티 신고'),
('예약 양도 신고'),
('이용 고객 신고');


INSERT INTO REPORT (sender_id, receiver_id,report_type , report_content,report_Img1,report_Img2,report_img3,receiver_camp_name)
values
('user1@gamsung.com', 'user2@gamsung.com', 2,'불법 경매 신고' , null, null ,null, null ),
('user2@gamsung.com', 'businessuser1@gamsung.com', 1,'캠핑장 금액 올림' , null, null ,null,'갤럭시'),
('businessuser1@gamsung.com', 'user3@gamsung.com', 5,'불량회원 신고' , null, null ,null, null);
